2026-07-24 22:02:01.704 [info] [main] Log level: Info
2026-07-24 22:02:01.704 [info] [main] Validating found git in: "git"
2026-07-24 22:02:01.704 [info] [main] Using git "2.43.0" from "git"
2026-07-24 22:02:01.704 [info] [Model][doInitialScan] Initial repository scan started
2026-07-24 22:02:01.704 [info] > git rev-parse --show-toplevel [67ms]
2026-07-24 22:02:01.704 [info] > git rev-parse --git-dir --git-common-dir --show-superproject-working-tree [839ms]
2026-07-24 22:02:02.479 [info] [Model][openRepository] Opened repository (path): /home/cleanskiier27
2026-07-24 22:02:02.479 [info] [Model][openRepository] Opened repository (real path): /home/cleanskiier27
2026-07-24 22:02:02.479 [info] [Model][openRepository] Opened repository (kind): repository
2026-07-24 22:02:05.471 [info] > git rev-parse --show-toplevel [2886ms]
2026-07-24 22:02:05.472 [info] > git config --get commit.template [2897ms]
2026-07-24 22:02:05.922 [info] > git fetch [3444ms]
2026-07-24 22:02:05.923 [info] remote: Missing permission "securesourcemanager.instances.access". Please visit https://cloud.google.com/secure-source-manager/docs/access-control for help troubleshooting IAM issues.
fatal: unable to access 'https://main-instance-159147526315-git.us-central1.sourcemanager.dev/source-root-7076/source-root.git/': The requested URL returned error: 403
2026-07-24 22:02:06.277 [info] > git rev-parse --show-toplevel [788ms]
2026-07-24 22:02:06.686 [info] > git config --get commit.template [596ms]
2026-07-24 22:02:06.686 [info] > git for-each-ref --format=%(refname)%00%(upstream:short)%00%(objectname)%00%(upstream:track)%00%(upstream:remotename)%00%(upstream:remoteref) refs/heads/main refs/remotes/main [729ms]
2026-07-24 22:02:06.888 [info] > git check-ignore -v -z --stdin [326ms]
2026-07-24 22:02:06.890 [info] > git check-ignore -v -z --stdin [282ms]
2026-07-24 22:02:06.900 [info] > git for-each-ref --format=%(refname)%00%(upstream:short)%00%(objectname)%00%(upstream:track)%00%(upstream:remotename)%00%(upstream:remoteref) refs/heads/main refs/remotes/main [200ms]
2026-07-24 22:02:06.936 [info] > git rev-parse --show-toplevel [285ms]
2026-07-24 22:02:07.117 [info] > git config --get --local branch.main.vscode-merge-base [181ms]
2026-07-24 22:02:07.117 [warning] [Git][config] git config failed: Failed to execute git
2026-07-24 22:02:07.135 [info] > git config --get commit.template [301ms]
2026-07-24 22:02:07.289 [info] > git reflog main --grep-reflog=branch: Created from *. [154ms]
2026-07-24 22:02:07.313 [info] > git rev-parse --show-toplevel [279ms]
2026-07-24 22:02:07.314 [info] > git for-each-ref --format=%(refname)%00%(upstream:short)%00%(objectname)%00%(upstream:track)%00%(upstream:remotename)%00%(upstream:remoteref) refs/heads/main refs/remotes/main [333ms]
2026-07-24 22:02:07.418 [info] > git check-ignore -v -z --stdin [245ms]
2026-07-24 22:02:07.422 [info] > git symbolic-ref --short refs/remotes/origin/HEAD [109ms]
2026-07-24 22:02:07.422 [info] fatal: ref refs/remotes/origin/HEAD is not a symbolic ref
2026-07-24 22:02:07.422 [warning] [Repository][getDefaultBranch] Failed to get default branch details: Failed to execute git.
2026-07-24 22:02:07.430 [info] > git rev-parse --show-toplevel [24ms]
2026-07-24 22:02:07.430 [info] > git for-each-ref --format=%(refname)%00%(upstream:short)%00%(objectname)%00%(upstream:track)%00%(upstream:remotename)%00%(upstream:remoteref) refs/heads/main refs/remotes/main [46ms]
2026-07-24 22:02:07.534 [info] > git status -z -uall [88ms]
2026-07-24 22:02:07.534 [info] > git rev-parse --show-toplevel [30ms]
2026-07-24 22:02:07.536 [info] > git for-each-ref --sort -committerdate --format %(refname)%00%(objectname)%00%(*objectname) [70ms]
2026-07-24 22:02:07.582 [info] > git rev-parse --show-toplevel [17ms]
2026-07-24 22:02:07.582 [info] [Model][doInitialScan] Initial repository scan completed - repositories (1), closed repositories (0), parent repositories (0), unsafe repositories (0)
2026-07-24 22:02:08.636 [info] > git show --textconv 01a2ff2ecc2c891daa78b1af1274c4a26deffb90:.bash_history [1042ms]
2026-07-24 22:02:08.636 [info] > git show --textconv 3e6766d463111b0abf097373607e691624766d68:.bash_history [1029ms]
2026-07-24 22:02:08.637 [info] > git show --textconv 01a2ff2ecc2c891daa78b1af1274c4a26deffb90:.cache/cloud-code/api-metadata/libraries.csv [1020ms]
2026-07-24 22:02:08.637 [info] > git show --textconv 3e6766d463111b0abf097373607e691624766d68:.cache/cloud-code/api-metadata/libraries.csv [998ms]
2026-07-24 22:02:08.637 [info] > git show --textconv 01a2ff2ecc2c891daa78b1af1274c4a26deffb90:.codeoss/cde_restorepath [983ms]
2026-07-24 22:02:08.637 [info] > git show --textconv 3e6766d463111b0abf097373607e691624766d68:.codeoss/cde_restorepath [974ms]
2026-07-24 22:02:08.637 [info] > git show --textconv 01a2ff2ecc2c891daa78b1af1274c4a26deffb90:.codeoss/data/User/workspaceStorage/12d43996/vscode.lock [963ms]
2026-07-24 22:02:08.637 [info] > git show --textconv 3e6766d463111b0abf097373607e691624766d68:.codeoss/data/User/workspaceStorage/12d43996/vscode.lock [952ms]
2026-07-24 22:02:08.637 [info] > git show --textconv 01a2ff2ecc2c891daa78b1af1274c4a26deffb90:.codeoss/data/logs/20260724T211354/exthost2/googlecloudtools.datacloud/Google Cloud Data Agent Kit.log [942ms]
2026-07-24 22:02:08.637 [info] > git show --textconv 3e6766d463111b0abf097373607e691624766d68:.codeoss/data/logs/20260724T211354/exthost2/googlecloudtools.datacloud/Google Cloud Data Agent Kit.log [931ms]
2026-07-24 22:02:08.637 [info] > git show --textconv 01a2ff2ecc2c891daa78b1af1274c4a26deffb90:.codeoss/data/logs/20260724T211354/exthost2/output_logging_20260724T212057/3-EditorConfig.log [925ms]
2026-07-24 22:02:08.637 [info] > git show --textconv 3e6766d463111b0abf097373607e691624766d68:.codeoss/data/logs/20260724T211354/exthost2/output_logging_20260724T212057/3-EditorConfig.log [908ms]
2026-07-24 22:02:08.637 [info] > git show --textconv 01a2ff2ecc2c891daa78b1af1274c4a26deffb90:.codeoss/data/logs/20260724T211354/exthost2/remoteexthost.log [895ms]
2026-07-24 22:02:08.637 [info] > git show --textconv 3e6766d463111b0abf097373607e691624766d68:.codeoss/data/logs/20260724T211354/exthost2/remoteexthost.log [884ms]
2026-07-24 22:02:08.637 [info] > git show --textconv 01a2ff2ecc2c891daa78b1af1274c4a26deffb90:.codeoss/data/logs/20260724T211354/exthost2/vscode.git/Git.log [876ms]
2026-07-24 22:02:08.637 [info] > git show --textconv 3e6766d463111b0abf097373607e691624766d68:.codeoss/data/logs/20260724T211354/exthost2/vscode.git/Git.log [871ms]
2026-07-24 22:02:08.637 [info] > git show --textconv 3e6766d463111b0abf097373607e691624766d68:.codeoss/data/logs/20260724T211354/exthost4/googlecloudtools.datacloud/Google Cloud Data Agent Kit.log [866ms]
2026-07-24 22:02:08.637 [info] > git show --textconv 3e6766d463111b0abf097373607e691624766d68:.codeoss/data/logs/20260724T211354/exthost4/ms-python.python/Python Language Server.log [861ms]
2026-07-24 22:02:08.637 [info] > git show --textconv 3e6766d463111b0abf097373607e691624766d68:.codeoss/data/logs/20260724T211354/exthost4/ms-python.python/Python.log [856ms]
2026-07-24 22:02:08.638 [info] > git show --textconv 3e6766d463111b0abf097373607e691624766d68:.codeoss/data/logs/20260724T211354/exthost4/output_logging_20260724T215032/1-Jupyter.log [852ms]
2026-07-24 22:02:08.638 [info] > git show --textconv 3e6766d463111b0abf097373607e691624766d68:.codeoss/data/logs/20260724T211354/exthost4/output_logging_20260724T215032/10-Apigee.log [846ms]
2026-07-24 22:02:08.638 [info] > git show --textconv 3e6766d463111b0abf097373607e691624766d68:.codeoss/data/logs/20260724T211354/exthost4/output_logging_20260724T215032/11-Cloud Code Yaml Support.log [840ms]
2026-07-24 22:02:08.638 [info] > git show --textconv 3e6766d463111b0abf097373607e691624766d68:.codeoss/data/logs/20260724T211354/exthost4/output_logging_20260724T215032/12-Gemini Code Assist Agent.log [834ms]
2026-07-24 22:02:08.638 [info] > git show --textconv 3e6766d463111b0abf097373607e691624766d68:.codeoss/data/logs/20260724T211354/exthost4/output_logging_20260724T215032/13-Gemini Code Assist.log [827ms]
2026-07-24 22:02:08.638 [info] > git show --textconv 3e6766d463111b0abf097373607e691624766d68:.codeoss/data/logs/20260724T211354/exthost4/output_logging_20260724T215032/2-Jupyter Server Console.log [821ms]
2026-07-24 22:02:08.638 [info] > git show --textconv 3e6766d463111b0abf097373607e691624766d68:.codeoss/data/logs/20260724T211354/exthost4/output_logging_20260724T215032/3-Notebook MCP.log [813ms]
2026-07-24 22:02:08.638 [info] > git show --textconv 3e6766d463111b0abf097373607e691624766d68:.codeoss/data/logs/20260724T211354/exthost4/output_logging_20260724T215032/4-MCP Audit Logs.log [804ms]
2026-07-24 22:02:08.638 [info] > git show --textconv 3e6766d463111b0abf097373607e691624766d68:.codeoss/data/logs/20260724T211354/exthost4/output_logging_20260724T215032/5-Visualization MCP.log [796ms]
2026-07-24 22:02:08.638 [info] > git show --textconv 3e6766d463111b0abf097373607e691624766d68:.codeoss/data/logs/20260724T211354/exthost4/output_logging_20260724T215032/6-DataCloud Agent Skill Installer.log [786ms]
2026-07-24 22:02:08.638 [info] > git show --textconv 3e6766d463111b0abf097373607e691624766d68:.codeoss/data/logs/20260724T211354/exthost4/output_logging_20260724T215032/7-Gemini CLI IDE Companion.log [775ms]
2026-07-24 22:02:08.638 [info] > git show --textconv 3e6766d463111b0abf097373607e691624766d68:.codeoss/data/logs/20260724T211354/exthost4/output_logging_20260724T215032/8-EditorConfig.log [763ms]
2026-07-24 22:02:08.638 [info] > git show --textconv 3e6766d463111b0abf097373607e691624766d68:.codeoss/data/logs/20260724T211354/exthost4/output_logging_20260724T215032/9-Google Cloud CLI Installation.log [750ms]
2026-07-24 22:02:08.638 [info] > git show --textconv 3e6766d463111b0abf097373607e691624766d68:.codeoss/data/logs/20260724T211354/exthost4/remoteExtHostTelemetry.log [737ms]
2026-07-24 22:02:08.638 [info] > git show --textconv 3e6766d463111b0abf097373607e691624766d68:.codeoss/data/logs/20260724T211354/exthost4/remoteexthost.log [725ms]
2026-07-24 22:02:08.638 [info] > git show --textconv 3e6766d463111b0abf097373607e691624766d68:.codeoss/data/logs/20260724T211354/exthost4/vscode.git/Git.log [713ms]
2026-07-24 22:02:08.638 [info] > git show --textconv 3e6766d463111b0abf097373607e691624766d68:.codeoss/data/logs/20260724T211354/exthost4/vscode.github-authentication/GitHub Authentication.log [700ms]
2026-07-24 22:02:08.638 [info] > git show --textconv 3e6766d463111b0abf097373607e691624766d68:.codeoss/data/logs/20260724T211354/exthost4/vscode.github/GitHub.log [691ms]
2026-07-24 22:02:08.638 [info] > git show --textconv 3e6766d463111b0abf097373607e691624766d68:.codeoss/data/logs/20260724T211354/exthost4/vscode.json-language-features/JSON Language Server.log [684ms]
2026-07-24 22:02:08.638 [info] > git show --textconv 01a2ff2ecc2c891daa78b1af1274c4a26deffb90:.codeoss/data/logs/20260724T211354/remoteagent.log [678ms]
2026-07-24 22:02:08.638 [info] > git show --textconv 3e6766d463111b0abf097373607e691624766d68:.codeoss/data/logs/20260724T211354/remoteagent.log [673ms]
2026-07-24 22:02:08.638 [info] > git show --textconv 3e6766d463111b0abf097373607e691624766d68:.gemini/tmp/cleanskiier27/chats/session-2026-07-24T21-50-a2a-serv.jsonl [667ms]
2026-07-24 22:02:08.639 [info] > git show --textconv 3e6766d463111b0abf097373607e691624766d68:.gemini/tmp/cleanskiier27/chats/session-2026-07-24T21-51-a2a-serv.jsonl [663ms]
2026-07-24 22:02:08.639 [info] > git show --textconv 01a2ff2ecc2c891daa78b1af1274c4a26deffb90:.npm/_logs/2026-07-20T21_04_48_534Z-debug-0.log [658ms]
2026-07-24 22:02:08.639 [info] > git show --textconv 01a2ff2ecc2c891daa78b1af1274c4a26deffb90:.npm/_logs/2026-07-20T21_07_08_186Z-debug-0.log [652ms]
2026-07-24 22:02:08.639 [info] > git show --textconv 01a2ff2ecc2c891daa78b1af1274c4a26deffb90:.npm/_logs/2026-07-20T21_07_08_213Z-debug-0.log [647ms]
2026-07-24 22:02:08.639 [info] > git show --textconv 01a2ff2ecc2c891daa78b1af1274c4a26deffb90:.npm/_logs/2026-07-23T15_20_02_117Z-debug-0.log [642ms]
2026-07-24 22:02:08.639 [info] > git show --textconv 01a2ff2ecc2c891daa78b1af1274c4a26deffb90:.npm/_logs/2026-07-23T15_20_04_459Z-debug-0.log [636ms]
2026-07-24 22:02:08.639 [info] > git show --textconv 01a2ff2ecc2c891daa78b1af1274c4a26deffb90:.npm/_logs/2026-07-23T15_20_12_868Z-debug-0.log [629ms]
2026-07-24 22:02:08.639 [info] > git show --textconv 01a2ff2ecc2c891daa78b1af1274c4a26deffb90:.npm/_logs/2026-07-24T21_13_25_393Z-debug-0.log [623ms]
2026-07-24 22:02:08.639 [info] > git show --textconv 01a2ff2ecc2c891daa78b1af1274c4a26deffb90:.npm/_logs/2026-07-24T21_13_55_824Z-debug-0.log [618ms]
2026-07-24 22:02:08.639 [info] > git show --textconv 01a2ff2ecc2c891daa78b1af1274c4a26deffb90:.npm/_logs/2026-07-24T21_13_58_465Z-debug-0.log [612ms]
2026-07-24 22:02:08.639 [info] > git show --textconv 01a2ff2ecc2c891daa78b1af1274c4a26deffb90:.npm/_logs/2026-07-23T15_19_59_478Z-debug-0.log [607ms]
2026-07-24 22:02:08.639 [info] > git show --textconv 3e6766d463111b0abf097373607e691624766d68:.npm/_logs/2026-07-24T21_50_41_012Z-debug-0.log [602ms]
2026-07-24 22:02:08.639 [info] > git show --textconv 01a2ff2ecc2c891daa78b1af1274c4a26deffb90:.npm/_logs/2026-07-20T21_04_48_554Z-debug-0.log [597ms]
2026-07-24 22:02:08.639 [info] > git show --textconv 3e6766d463111b0abf097373607e691624766d68:.npm/_logs/2026-07-24T21_50_53_038Z-debug-0.log [593ms]
2026-07-24 22:02:08.639 [info] > git show --textconv 01a2ff2ecc2c891daa78b1af1274c4a26deffb90:.npm/_logs/2026-07-20T21_03_55_938Z-debug-0.log [588ms]
2026-07-24 22:02:08.639 [info] > git show --textconv 3e6766d463111b0abf097373607e691624766d68:.npm/_logs/2026-07-24T21_50_53_056Z-debug-0.log [583ms]
2026-07-24 22:02:08.639 [info] > git show --textconv 01a2ff2ecc2c891daa78b1af1274c4a26deffb90:.npm/_logs/2026-07-20T21_04_15_563Z-debug-0.log [578ms]
2026-07-24 22:02:08.639 [info] > git show --textconv 3e6766d463111b0abf097373607e691624766d68:.npm/_logs/2026-07-24T21_51_06_224Z-debug-0.log [572ms]
2026-07-24 22:02:08.639 [info] > git show --textconv 01a2ff2ecc2c891daa78b1af1274c4a26deffb90:.npm/_logs/2026-07-20T21_05_38_206Z-debug-0.log [567ms]
2026-07-24 22:02:08.639 [info] > git show --textconv 3e6766d463111b0abf097373607e691624766d68:.npm/_logs/2026-07-24T21_51_06_242Z-debug-0.log [561ms]
2026-07-24 22:02:08.639 [info] > git show --textconv 01a2ff2ecc2c891daa78b1af1274c4a26deffb90:.npm/_logs/2026-07-20T21_05_38_188Z-debug-0.log [555ms]
2026-07-24 22:02:08.639 [info] > git show --textconv 3e6766d463111b0abf097373607e691624766d68:.npm/_logs/2026-07-24T21_51_24_480Z-debug-0.log [549ms]
2026-07-24 22:02:08.639 [info] > git show --textconv 01a2ff2ecc2c891daa78b1af1274c4a26deffb90:.npm/_logs/2026-07-20T21_04_15_603Z-debug-0.log [543ms]
2026-07-24 22:02:08.639 [info] > git show --textconv 3e6766d463111b0abf097373607e691624766d68:.npm/_logs/2026-07-24T21_51_24_517Z-debug-0.log [533ms]
2026-07-24 22:02:08.640 [info] > git show --textconv :README-cloudshell.txt [87ms]
2026-07-24 22:02:08.640 [info] > git ls-files --stage -- README-cloudshell.txt [77ms]
2026-07-24 22:02:08.651 [info] > git ls-tree -l 3e6766d463111b0abf097373607e691624766d68 -- .npm/_logs/2026-07-24T21_51_24_517Z-debug-0.log [104ms]
2026-07-24 22:02:08.652 [info] > git ls-tree -l 01a2ff2ecc2c891daa78b1af1274c4a26deffb90 -- .npm/_logs/2026-07-20T21_04_15_603Z-debug-0.log [110ms]
2026-07-24 22:02:08.653 [info] > git ls-tree -l 3e6766d463111b0abf097373607e691624766d68 -- .npm/_logs/2026-07-24T21_51_24_480Z-debug-0.log [116ms]
2026-07-24 22:02:08.653 [info] > git ls-tree -l 01a2ff2ecc2c891daa78b1af1274c4a26deffb90 -- .npm/_logs/2026-07-20T21_05_38_188Z-debug-0.log [121ms]
2026-07-24 22:02:08.653 [info] > git ls-tree -l 3e6766d463111b0abf097373607e691624766d68 -- .npm/_logs/2026-07-24T21_51_06_242Z-debug-0.log [126ms]
2026-07-24 22:02:08.653 [info] > git ls-tree -l 01a2ff2ecc2c891daa78b1af1274c4a26deffb90 -- .npm/_logs/2026-07-20T21_05_38_206Z-debug-0.log [131ms]
2026-07-24 22:02:08.654 [info] > git ls-tree -l 3e6766d463111b0abf097373607e691624766d68 -- .npm/_logs/2026-07-24T21_51_06_224Z-debug-0.log [137ms]
2026-07-24 22:02:08.654 [info] > git ls-tree -l 01a2ff2ecc2c891daa78b1af1274c4a26deffb90 -- .npm/_logs/2026-07-20T21_04_15_563Z-debug-0.log [142ms]
2026-07-24 22:02:08.654 [info] > git ls-tree -l 3e6766d463111b0abf097373607e691624766d68 -- .npm/_logs/2026-07-24T21_50_53_056Z-debug-0.log [149ms]
2026-07-24 22:02:08.655 [info] > git ls-tree -l 01a2ff2ecc2c891daa78b1af1274c4a26deffb90 -- .npm/_logs/2026-07-20T21_03_55_938Z-debug-0.log [157ms]
2026-07-24 22:02:08.655 [info] > git ls-tree -l 3e6766d463111b0abf097373607e691624766d68 -- .npm/_logs/2026-07-24T21_50_53_038Z-debug-0.log [167ms]
2026-07-24 22:02:08.655 [info] > git ls-tree -l 01a2ff2ecc2c891daa78b1af1274c4a26deffb90 -- .npm/_logs/2026-07-20T21_04_48_554Z-debug-0.log [175ms]
2026-07-24 22:02:08.655 [info] > git ls-tree -l 3e6766d463111b0abf097373607e691624766d68 -- .npm/_logs/2026-07-24T21_50_41_012Z-debug-0.log [185ms]
2026-07-24 22:02:08.656 [info] > git ls-tree -l 01a2ff2ecc2c891daa78b1af1274c4a26deffb90 -- .npm/_logs/2026-07-23T15_19_59_478Z-debug-0.log [191ms]
2026-07-24 22:02:08.656 [info] > git ls-tree -l 01a2ff2ecc2c891daa78b1af1274c4a26deffb90 -- .npm/_logs/2026-07-24T21_13_58_465Z-debug-0.log [197ms]
2026-07-24 22:02:08.656 [info] > git ls-tree -l 01a2ff2ecc2c891daa78b1af1274c4a26deffb90 -- .npm/_logs/2026-07-24T21_13_55_824Z-debug-0.log [202ms]
2026-07-24 22:02:08.656 [info] > git ls-tree -l 01a2ff2ecc2c891daa78b1af1274c4a26deffb90 -- .npm/_logs/2026-07-24T21_13_25_393Z-debug-0.log [208ms]
2026-07-24 22:02:08.656 [info] > git ls-tree -l 01a2ff2ecc2c891daa78b1af1274c4a26deffb90 -- .npm/_logs/2026-07-23T15_20_12_868Z-debug-0.log [213ms]
2026-07-24 22:02:08.657 [info] > git ls-tree -l 01a2ff2ecc2c891daa78b1af1274c4a26deffb90 -- .npm/_logs/2026-07-23T15_20_04_459Z-debug-0.log [220ms]
2026-07-24 22:02:08.657 [info] > git ls-tree -l 01a2ff2ecc2c891daa78b1af1274c4a26deffb90 -- .npm/_logs/2026-07-23T15_20_02_117Z-debug-0.log [227ms]
2026-07-24 22:02:08.657 [info] > git ls-tree -l 01a2ff2ecc2c891daa78b1af1274c4a26deffb90 -- .npm/_logs/2026-07-20T21_07_08_213Z-debug-0.log [233ms]
2026-07-24 22:02:08.657 [info] > git ls-tree -l 01a2ff2ecc2c891daa78b1af1274c4a26deffb90 -- .npm/_logs/2026-07-20T21_07_08_186Z-debug-0.log [239ms]
2026-07-24 22:02:08.657 [info] > git ls-tree -l 01a2ff2ecc2c891daa78b1af1274c4a26deffb90 -- .npm/_logs/2026-07-20T21_04_48_534Z-debug-0.log [245ms]
2026-07-24 22:02:08.658 [info] > git ls-tree -l 3e6766d463111b0abf097373607e691624766d68 -- .gemini/tmp/cleanskiier27/chats/session-2026-07-24T21-51-a2a-serv.jsonl [252ms]
2026-07-24 22:02:08.658 [info] > git ls-tree -l 3e6766d463111b0abf097373607e691624766d68 -- .gemini/tmp/cleanskiier27/chats/session-2026-07-24T21-50-a2a-serv.jsonl [258ms]
2026-07-24 22:02:08.658 [info] > git ls-tree -l 3e6766d463111b0abf097373607e691624766d68 -- .codeoss/data/logs/20260724T211354/remoteagent.log [264ms]
2026-07-24 22:02:08.658 [info] > git ls-tree -l 01a2ff2ecc2c891daa78b1af1274c4a26deffb90 -- .codeoss/data/logs/20260724T211354/remoteagent.log [270ms]
2026-07-24 22:02:08.658 [info] > git ls-tree -l 3e6766d463111b0abf097373607e691624766d68 -- .codeoss/data/logs/20260724T211354/exthost4/vscode.json-language-features/JSON Language Server.log [277ms]
2026-07-24 22:02:08.659 [info] > git ls-tree -l 3e6766d463111b0abf097373607e691624766d68 -- .codeoss/data/logs/20260724T211354/exthost4/vscode.github/GitHub.log [287ms]
2026-07-24 22:02:08.659 [info] > git ls-tree -l 3e6766d463111b0abf097373607e691624766d68 -- .codeoss/data/logs/20260724T211354/exthost4/vscode.github-authentication/GitHub Authentication.log [297ms]
2026-07-24 22:02:08.659 [info] > git ls-tree -l 3e6766d463111b0abf097373607e691624766d68 -- .codeoss/data/logs/20260724T211354/exthost4/vscode.git/Git.log [305ms]
2026-07-24 22:02:08.659 [info] > git ls-tree -l 3e6766d463111b0abf097373607e691624766d68 -- .codeoss/data/logs/20260724T211354/exthost4/remoteexthost.log [311ms]
2026-07-24 22:02:08.659 [info] > git ls-tree -l 3e6766d463111b0abf097373607e691624766d68 -- .codeoss/data/logs/20260724T211354/exthost4/remoteExtHostTelemetry.log [318ms]
2026-07-24 22:02:08.660 [info] > git ls-tree -l 3e6766d463111b0abf097373607e691624766d68 -- .codeoss/data/logs/20260724T211354/exthost4/output_logging_20260724T215032/9-Google Cloud CLI Installation.log [326ms]
2026-07-24 22:02:08.660 [info] > git ls-tree -l 3e6766d463111b0abf097373607e691624766d68 -- .codeoss/data/logs/20260724T211354/exthost4/output_logging_20260724T215032/8-EditorConfig.log [334ms]
2026-07-24 22:02:08.660 [info] > git ls-tree -l 3e6766d463111b0abf097373607e691624766d68 -- .codeoss/data/logs/20260724T211354/exthost4/output_logging_20260724T215032/7-Gemini CLI IDE Companion.log [340ms]
2026-07-24 22:02:08.661 [info] > git ls-tree -l 3e6766d463111b0abf097373607e691624766d68 -- .codeoss/data/logs/20260724T211354/exthost4/output_logging_20260724T215032/6-DataCloud Agent Skill Installer.log [348ms]
2026-07-24 22:02:08.661 [info] > git ls-tree -l 3e6766d463111b0abf097373607e691624766d68 -- .codeoss/data/logs/20260724T211354/exthost4/output_logging_20260724T215032/5-Visualization MCP.log [357ms]
2026-07-24 22:02:08.661 [info] > git ls-tree -l 3e6766d463111b0abf097373607e691624766d68 -- .codeoss/data/logs/20260724T211354/exthost4/output_logging_20260724T215032/4-MCP Audit Logs.log [366ms]
2026-07-24 22:02:08.662 [info] > git ls-tree -l 3e6766d463111b0abf097373607e691624766d68 -- .codeoss/data/logs/20260724T211354/exthost4/output_logging_20260724T215032/3-Notebook MCP.log [385ms]
2026-07-24 22:02:08.662 [info] > git ls-tree -l 3e6766d463111b0abf097373607e691624766d68 -- .codeoss/data/logs/20260724T211354/exthost4/output_logging_20260724T215032/2-Jupyter Server Console.log [391ms]
2026-07-24 22:02:08.662 [info] > git ls-tree -l 3e6766d463111b0abf097373607e691624766d68 -- .codeoss/data/logs/20260724T211354/exthost4/output_logging_20260724T215032/13-Gemini Code Assist.log [398ms]
2026-07-24 22:02:08.663 [info] > git ls-tree -l 3e6766d463111b0abf097373607e691624766d68 -- .codeoss/data/logs/20260724T211354/exthost4/output_logging_20260724T215032/12-Gemini Code Assist Agent.log [404ms]
2026-07-24 22:02:08.663 [info] > git ls-tree -l 3e6766d463111b0abf097373607e691624766d68 -- .codeoss/data/logs/20260724T211354/exthost4/output_logging_20260724T215032/11-Cloud Code Yaml Support.log [412ms]
2026-07-24 22:02:08.663 [info] > git ls-tree -l 3e6766d463111b0abf097373607e691624766d68 -- .codeoss/data/logs/20260724T211354/exthost4/output_logging_20260724T215032/10-Apigee.log [420ms]
2026-07-24 22:02:08.663 [info] > git ls-tree -l 3e6766d463111b0abf097373607e691624766d68 -- .codeoss/data/logs/20260724T211354/exthost4/output_logging_20260724T215032/1-Jupyter.log [427ms]
2026-07-24 22:02:08.664 [info] > git ls-tree -l 3e6766d463111b0abf097373607e691624766d68 -- .codeoss/data/logs/20260724T211354/exthost4/ms-python.python/Python.log [434ms]
2026-07-24 22:02:08.665 [info] > git ls-tree -l 3e6766d463111b0abf097373607e691624766d68 -- .codeoss/data/logs/20260724T211354/exthost4/ms-python.python/Python Language Server.log [440ms]
2026-07-24 22:02:08.665 [info] > git ls-tree -l 3e6766d463111b0abf097373607e691624766d68 -- .codeoss/data/logs/20260724T211354/exthost4/googlecloudtools.datacloud/Google Cloud Data Agent Kit.log [446ms]
2026-07-24 22:02:08.666 [info] > git ls-tree -l 3e6766d463111b0abf097373607e691624766d68 -- .codeoss/data/logs/20260724T211354/exthost2/vscode.git/Git.log [453ms]
2026-07-24 22:02:08.666 [info] > git ls-tree -l 01a2ff2ecc2c891daa78b1af1274c4a26deffb90 -- .codeoss/data/logs/20260724T211354/exthost2/vscode.git/Git.log [459ms]
2026-07-24 22:02:08.666 [info] > git ls-tree -l 3e6766d463111b0abf097373607e691624766d68 -- .codeoss/data/logs/20260724T211354/exthost2/remoteexthost.log [466ms]
2026-07-24 22:02:08.667 [info] > git ls-tree -l 01a2ff2ecc2c891daa78b1af1274c4a26deffb90 -- .codeoss/data/logs/20260724T211354/exthost2/remoteexthost.log [473ms]
2026-07-24 22:02:08.667 [info] > git ls-tree -l 3e6766d463111b0abf097373607e691624766d68 -- .codeoss/data/logs/20260724T211354/exthost2/output_logging_20260724T212057/3-EditorConfig.log [479ms]
2026-07-24 22:02:08.667 [info] > git ls-tree -l 01a2ff2ecc2c891daa78b1af1274c4a26deffb90 -- .codeoss/data/logs/20260724T211354/exthost2/output_logging_20260724T212057/3-EditorConfig.log [484ms]
2026-07-24 22:02:08.667 [info] > git ls-tree -l 3e6766d463111b0abf097373607e691624766d68 -- .codeoss/data/logs/20260724T211354/exthost2/googlecloudtools.datacloud/Google Cloud Data Agent Kit.log [490ms]
2026-07-24 22:02:08.668 [info] > git ls-tree -l 01a2ff2ecc2c891daa78b1af1274c4a26deffb90 -- .codeoss/data/logs/20260724T211354/exthost2/googlecloudtools.datacloud/Google Cloud Data Agent Kit.log [497ms]
2026-07-24 22:02:08.668 [info] > git ls-tree -l 3e6766d463111b0abf097373607e691624766d68 -- .codeoss/data/User/workspaceStorage/12d43996/vscode.lock [504ms]
2026-07-24 22:02:08.668 [info] > git ls-tree -l 01a2ff2ecc2c891daa78b1af1274c4a26deffb90 -- .codeoss/data/User/workspaceStorage/12d43996/vscode.lock [513ms]
2026-07-24 22:02:08.668 [info] > git ls-tree -l 3e6766d463111b0abf097373607e691624766d68 -- .codeoss/cde_restorepath [519ms]
2026-07-24 22:02:08.669 [info] > git ls-tree -l 01a2ff2ecc2c891daa78b1af1274c4a26deffb90 -- .codeoss/cde_restorepath [527ms]
2026-07-24 22:02:08.669 [info] > git ls-tree -l 3e6766d463111b0abf097373607e691624766d68 -- .cache/cloud-code/api-metadata/libraries.csv [533ms]
2026-07-24 22:02:08.670 [info] > git ls-tree -l 01a2ff2ecc2c891daa78b1af1274c4a26deffb90 -- .cache/cloud-code/api-metadata/libraries.csv [541ms]
2026-07-24 22:02:08.670 [info] > git ls-tree -l 3e6766d463111b0abf097373607e691624766d68 -- .bash_history [548ms]
2026-07-24 22:02:08.670 [info] > git ls-tree -l 01a2ff2ecc2c891daa78b1af1274c4a26deffb90 -- .bash_history [555ms]
2026-07-24 22:02:08.725 [info] > git cat-file -s 9fa5a74e750d98eb725eca4ca09ba01af2f5cd24 [75ms]
2026-07-24 22:02:09.588 [info] > git check-ignore -v -z --stdin [3ms]
2026-07-24 22:02:10.545 [info] > git check-ignore -v -z --stdin [2ms]
2026-07-24 22:02:10.661 [info] > git show --textconv :README.md [29ms]
2026-07-24 22:02:10.671 [info] > git ls-files --stage -- README.md [14ms]
2026-07-24 22:02:10.701 [info] > git cat-file -s e69de29bb2d1d6434b8b29ae775ad8c2e48c5391 [5ms]
2026-07-24 22:02:12.485 [info] > git check-ignore -v -z --stdin [2ms]
2026-07-24 22:02:12.666 [info] > git show --textconv :README-cloudshell.txt [23ms]
2026-07-24 22:02:12.668 [info] > git ls-files --stage -- README-cloudshell.txt [5ms]
2026-07-24 22:02:12.693 [info] > git cat-file -s 9fa5a74e750d98eb725eca4ca09ba01af2f5cd24 [4ms]
2026-07-24 22:02:13.867 [info] > git config --get commit.template [5ms]
2026-07-24 22:02:13.888 [info] > git for-each-ref --format=%(refname)%00%(upstream:short)%00%(objectname)%00%(upstream:track)%00%(upstream:remotename)%00%(upstream:remoteref) refs/heads/main refs/remotes/main [3ms]
2026-07-24 22:02:13.946 [info] > git for-each-ref --sort -committerdate --format %(refname)%00%(objectname)%00%(*objectname) [10ms]
2026-07-24 22:02:13.950 [info] > git status -z -uall [31ms]
2026-07-24 22:02:14.596 [info] > git check-ignore -v -z --stdin [25ms]
2026-07-24 22:02:14.702 [info] > git blame --root --incremental 9f341aa2c172eb0b5ed575975beebb48c6d225c5 -- README-cloudshell.txt [6ms]
2026-07-24 22:02:26.942 [info] > git config --get commit.template [2ms]
2026-07-24 22:02:26.963 [info] > git for-each-ref --format=%(refname)%00%(upstream:short)%00%(objectname)%00%(upstream:track)%00%(upstream:remotename)%00%(upstream:remoteref) refs/heads/main refs/remotes/main [2ms]
2026-07-24 22:02:27.003 [info] > git status -z -uall [20ms]
2026-07-24 22:02:27.004 [info] > git for-each-ref --sort -committerdate --format %(refname)%00%(objectname)%00%(*objectname) [3ms]
2026-07-24 22:02:27.523 [info] > git check-ignore -v -z --stdin [2ms]
2026-07-24 22:02:28.895 [info] > git check-ignore -v -z --stdin [2ms]
2026-07-24 22:02:28.996 [info] > git show --textconv :README.md [21ms]
2026-07-24 22:02:28.997 [info] > git ls-files --stage -- README.md [3ms]
2026-07-24 22:02:29.018 [info] > git cat-file -s e69de29bb2d1d6434b8b29ae775ad8c2e48c5391 [4ms]
2026-07-24 22:02:30.923 [info] > git check-ignore -v -z --stdin [1ms]
2026-07-24 22:02:31.009 [info] > git blame --root --incremental 9f341aa2c172eb0b5ed575975beebb48c6d225c5 -- README.md [2ms]
2026-07-24 22:02:34.508 [info] > git log --format=%H%n%aN%n%aE%n%at%n%ct%n%P%n%D%n%B -z --shortstat --diff-merges=first-parent -n50 --skip=0 --topo-order --decorate=full --stdin [564ms]
2026-07-24 22:02:34.554 [info] > git check-ignore -v -z --stdin [47ms]
2026-07-24 22:02:39.970 [info] > git -c user.useConfigOnly=true commit --quiet --allow-empty-message --file - [8ms]
2026-07-24 22:02:39.991 [info] > git config --get commit.template [1ms]
2026-07-24 22:02:40.033 [info] > git config --get commit.template [20ms]
2026-07-24 22:02:40.033 [info] > git for-each-ref --format=%(refname)%00%(upstream:short)%00%(objectname)%00%(upstream:track)%00%(upstream:remotename)%00%(upstream:remoteref) refs/heads/main refs/remotes/main [2ms]
2026-07-24 22:02:40.108 [info] > git status -z -uall [56ms]
2026-07-24 22:02:40.110 [info] > git ls-tree -l 3e6766d463111b0abf097373607e691624766d68 -- .bash_history [5ms]
2026-07-24 22:02:40.110 [info] > git ls-tree -l 01a2ff2ecc2c891daa78b1af1274c4a26deffb90 -- .bash_history [20ms]
2026-07-24 22:02:40.110 [info] > git for-each-ref --sort -committerdate --format %(refname)%00%(objectname)%00%(*objectname) [42ms]
2026-07-24 22:02:40.136 [info] > git blame --root --incremental 61bc2bc4ce790dac554052910c7a18e7cd53ac5c -- README.md [4ms]
2026-07-24 22:02:40.419 [info] > git config --get commit.template [21ms]
2026-07-24 22:02:40.420 [info] > git for-each-ref --format=%(refname)%00%(upstream:short)%00%(objectname)%00%(upstream:track)%00%(upstream:remotename)%00%(upstream:remoteref) refs/heads/main refs/remotes/main [2ms]
2026-07-24 22:02:40.459 [info] > git status -z -uall [20ms]
2026-07-24 22:02:40.461 [info] > git for-each-ref --sort -committerdate --format %(refname)%00%(objectname)%00%(*objectname) [3ms]
2026-07-24 22:02:40.484 [info] > git log --format=%H%n%aN%n%aE%n%at%n%ct%n%P%n%D%n%B -z --shortstat --diff-merges=first-parent -n50 --skip=0 --topo-order --decorate=full --stdin [181ms]
2026-07-24 22:02:40.688 [info] > git check-ignore -v -z --stdin [1ms]
2026-07-24 22:02:40.895 [info] > git check-ignore -v -z --stdin [2ms]
2026-07-24 22:02:40.940 [info] > git check-ignore -v -z --stdin [3ms]
2026-07-24 22:02:40.980 [info] > git config --get commit.template [21ms]
2026-07-24 22:02:40.981 [info] > git for-each-ref --format=%(refname)%00%(upstream:short)%00%(objectname)%00%(upstream:track)%00%(upstream:remotename)%00%(upstream:remoteref) refs/heads/main refs/remotes/main [2ms]
2026-07-24 22:02:41.023 [info] > git status -z -uall [23ms]
2026-07-24 22:02:41.024 [info] > git for-each-ref --sort -committerdate --format %(refname)%00%(objectname)%00%(*objectname) [4ms]
2026-07-24 22:02:42.677 [info] > git ls-files --stage -- README.md [29ms]
2026-07-24 22:02:42.695 [info] > git ls-tree -l 3e6766d463111b0abf097373607e691624766d68 -- .npm/_logs/2026-07-24T21_51_24_517Z-debug-0.log [65ms]
2026-07-24 22:02:42.696 [info] > git ls-tree -l 01a2ff2ecc2c891daa78b1af1274c4a26deffb90 -- .npm/_logs/2026-07-20T21_04_15_603Z-debug-0.log [87ms]
2026-07-24 22:02:42.697 [info] > git ls-tree -l 3e6766d463111b0abf097373607e691624766d68 -- .npm/_logs/2026-07-24T21_51_24_480Z-debug-0.log [103ms]
2026-07-24 22:02:42.697 [info] > git ls-tree -l 01a2ff2ecc2c891daa78b1af1274c4a26deffb90 -- .npm/_logs/2026-07-20T21_05_38_188Z-debug-0.log [121ms]
2026-07-24 22:02:42.697 [info] > git ls-tree -l 3e6766d463111b0abf097373607e691624766d68 -- .npm/_logs/2026-07-24T21_51_06_242Z-debug-0.log [138ms]
2026-07-24 22:02:42.697 [info] > git ls-tree -l 01a2ff2ecc2c891daa78b1af1274c4a26deffb90 -- .npm/_logs/2026-07-20T21_05_38_206Z-debug-0.log [155ms]
2026-07-24 22:02:42.698 [info] > git ls-tree -l 3e6766d463111b0abf097373607e691624766d68 -- .npm/_logs/2026-07-24T21_51_06_224Z-debug-0.log [174ms]
2026-07-24 22:02:42.698 [info] > git ls-tree -l 01a2ff2ecc2c891daa78b1af1274c4a26deffb90 -- .npm/_logs/2026-07-20T21_04_15_563Z-debug-0.log [191ms]
2026-07-24 22:02:42.698 [info] > git ls-tree -l 3e6766d463111b0abf097373607e691624766d68 -- .npm/_logs/2026-07-24T21_50_53_056Z-debug-0.log [210ms]
2026-07-24 22:02:42.698 [info] > git ls-tree -l 01a2ff2ecc2c891daa78b1af1274c4a26deffb90 -- .npm/_logs/2026-07-20T21_03_55_938Z-debug-0.log [228ms]
2026-07-24 22:02:42.698 [info] > git ls-tree -l 3e6766d463111b0abf097373607e691624766d68 -- .npm/_logs/2026-07-24T21_50_53_038Z-debug-0.log [248ms]
2026-07-24 22:02:42.699 [info] > git ls-tree -l 01a2ff2ecc2c891daa78b1af1274c4a26deffb90 -- .npm/_logs/2026-07-20T21_04_48_554Z-debug-0.log [266ms]
2026-07-24 22:02:42.699 [info] > git ls-tree -l 3e6766d463111b0abf097373607e691624766d68 -- .npm/_logs/2026-07-24T21_50_41_012Z-debug-0.log [285ms]
2026-07-24 22:02:42.699 [info] > git ls-tree -l 01a2ff2ecc2c891daa78b1af1274c4a26deffb90 -- .npm/_logs/2026-07-23T15_19_59_478Z-debug-0.log [303ms]
2026-07-24 22:02:42.699 [info] > git ls-tree -l 01a2ff2ecc2c891daa78b1af1274c4a26deffb90 -- .npm/_logs/2026-07-24T21_13_58_465Z-debug-0.log [321ms]
2026-07-24 22:02:42.699 [info] > git ls-tree -l 01a2ff2ecc2c891daa78b1af1274c4a26deffb90 -- .npm/_logs/2026-07-24T21_13_55_824Z-debug-0.log [340ms]
2026-07-24 22:02:42.700 [info] > git ls-tree -l 01a2ff2ecc2c891daa78b1af1274c4a26deffb90 -- .npm/_logs/2026-07-24T21_13_25_393Z-debug-0.log [360ms]
2026-07-24 22:02:42.700 [info] > git ls-tree -l 01a2ff2ecc2c891daa78b1af1274c4a26deffb90 -- .npm/_logs/2026-07-23T15_20_12_868Z-debug-0.log [377ms]
2026-07-24 22:02:42.700 [info] > git ls-tree -l 01a2ff2ecc2c891daa78b1af1274c4a26deffb90 -- .npm/_logs/2026-07-23T15_20_04_459Z-debug-0.log [397ms]
2026-07-24 22:02:42.700 [info] > git ls-tree -l 01a2ff2ecc2c891daa78b1af1274c4a26deffb90 -- .npm/_logs/2026-07-23T15_20_02_117Z-debug-0.log [416ms]
2026-07-24 22:02:42.701 [info] > git ls-tree -l 01a2ff2ecc2c891daa78b1af1274c4a26deffb90 -- .npm/_logs/2026-07-20T21_07_08_213Z-debug-0.log [436ms]
2026-07-24 22:02:42.701 [info] > git ls-tree -l 01a2ff2ecc2c891daa78b1af1274c4a26deffb90 -- .npm/_logs/2026-07-20T21_07_08_186Z-debug-0.log [456ms]
2026-07-24 22:02:42.701 [info] > git ls-tree -l 01a2ff2ecc2c891daa78b1af1274c4a26deffb90 -- .npm/_logs/2026-07-20T21_04_48_534Z-debug-0.log [476ms]
2026-07-24 22:02:42.701 [info] > git ls-tree -l 3e6766d463111b0abf097373607e691624766d68 -- .gemini/tmp/cleanskiier27/chats/session-2026-07-24T21-51-a2a-serv.jsonl [496ms]
2026-07-24 22:02:42.701 [info] > git ls-tree -l 3e6766d463111b0abf097373607e691624766d68 -- .gemini/tmp/cleanskiier27/chats/session-2026-07-24T21-50-a2a-serv.jsonl [516ms]
2026-07-24 22:02:42.701 [info] > git ls-tree -l 3e6766d463111b0abf097373607e691624766d68 -- .codeoss/data/logs/20260724T211354/remoteagent.log [536ms]
2026-07-24 22:02:42.702 [info] > git ls-tree -l 01a2ff2ecc2c891daa78b1af1274c4a26deffb90 -- .codeoss/data/logs/20260724T211354/remoteagent.log [554ms]
2026-07-24 22:02:42.702 [info] > git ls-tree -l 3e6766d463111b0abf097373607e691624766d68 -- .codeoss/data/logs/20260724T211354/exthost4/vscode.json-language-features/JSON Language Server.log [572ms]
2026-07-24 22:02:42.702 [info] > git ls-tree -l 3e6766d463111b0abf097373607e691624766d68 -- .codeoss/data/logs/20260724T211354/exthost4/vscode.github/GitHub.log [592ms]
2026-07-24 22:02:42.702 [info] > git ls-tree -l 3e6766d463111b0abf097373607e691624766d68 -- .codeoss/data/logs/20260724T211354/exthost4/vscode.github-authentication/GitHub Authentication.log [611ms]
2026-07-24 22:02:42.702 [info] > git ls-tree -l 3e6766d463111b0abf097373607e691624766d68 -- .codeoss/data/logs/20260724T211354/exthost4/vscode.git/Git.log [627ms]
2026-07-24 22:02:42.703 [info] > git ls-tree -l 3e6766d463111b0abf097373607e691624766d68 -- .codeoss/data/logs/20260724T211354/exthost4/remoteexthost.log [645ms]
2026-07-24 22:02:42.703 [info] > git ls-tree -l 3e6766d463111b0abf097373607e691624766d68 -- .codeoss/data/logs/20260724T211354/exthost4/remoteExtHostTelemetry.log [662ms]
2026-07-24 22:02:42.703 [info] > git ls-tree -l 3e6766d463111b0abf097373607e691624766d68 -- .codeoss/data/logs/20260724T211354/exthost4/output_logging_20260724T215032/9-Google Cloud CLI Installation.log [681ms]
2026-07-24 22:02:42.703 [info] > git ls-tree -l 3e6766d463111b0abf097373607e691624766d68 -- .codeoss/data/logs/20260724T211354/exthost4/output_logging_20260724T215032/8-EditorConfig.log [697ms]
2026-07-24 22:02:42.704 [info] > git ls-tree -l 3e6766d463111b0abf097373607e691624766d68 -- .codeoss/data/logs/20260724T211354/exthost4/output_logging_20260724T215032/7-Gemini CLI IDE Companion.log [713ms]
2026-07-24 22:02:42.704 [info] > git ls-tree -l 3e6766d463111b0abf097373607e691624766d68 -- .codeoss/data/logs/20260724T211354/exthost4/output_logging_20260724T215032/6-DataCloud Agent Skill Installer.log [731ms]
2026-07-24 22:02:42.704 [info] > git ls-tree -l 3e6766d463111b0abf097373607e691624766d68 -- .codeoss/data/logs/20260724T211354/exthost4/output_logging_20260724T215032/5-Visualization MCP.log [749ms]
2026-07-24 22:02:42.704 [info] > git ls-tree -l 3e6766d463111b0abf097373607e691624766d68 -- .codeoss/data/logs/20260724T211354/exthost4/output_logging_20260724T215032/4-MCP Audit Logs.log [768ms]
2026-07-24 22:02:42.704 [info] > git ls-tree -l 3e6766d463111b0abf097373607e691624766d68 -- .codeoss/data/logs/20260724T211354/exthost4/output_logging_20260724T215032/3-Notebook MCP.log [787ms]
2026-07-24 22:02:42.705 [info] > git ls-tree -l 3e6766d463111b0abf097373607e691624766d68 -- .codeoss/data/logs/20260724T211354/exthost4/output_logging_20260724T215032/2-Jupyter Server Console.log [807ms]
2026-07-24 22:02:42.705 [info] > git ls-tree -l 3e6766d463111b0abf097373607e691624766d68 -- .codeoss/data/logs/20260724T211354/exthost4/output_logging_20260724T215032/13-Gemini Code Assist.log [831ms]
2026-07-24 22:02:42.705 [info] > git ls-tree -l 3e6766d463111b0abf097373607e691624766d68 -- .codeoss/data/logs/20260724T211354/exthost4/output_logging_20260724T215032/12-Gemini Code Assist Agent.log [844ms]
2026-07-24 22:02:42.705 [info] > git ls-tree -l 3e6766d463111b0abf097373607e691624766d68 -- .codeoss/data/logs/20260724T211354/exthost4/output_logging_20260724T215032/11-Cloud Code Yaml Support.log [856ms]
2026-07-24 22:02:42.705 [info] > git ls-tree -l 3e6766d463111b0abf097373607e691624766d68 -- .codeoss/data/logs/20260724T211354/exthost4/output_logging_20260724T215032/10-Apigee.log [873ms]
2026-07-24 22:02:42.705 [info] > git ls-tree -l 3e6766d463111b0abf097373607e691624766d68 -- .codeoss/data/logs/20260724T211354/exthost4/output_logging_20260724T215032/1-Jupyter.log [894ms]
2026-07-24 22:02:42.706 [info] > git ls-tree -l 3e6766d463111b0abf097373607e691624766d68 -- .codeoss/data/logs/20260724T211354/exthost4/ms-python.python/Python.log [914ms]
2026-07-24 22:02:42.706 [info] > git ls-tree -l 3e6766d463111b0abf097373607e691624766d68 -- .codeoss/data/logs/20260724T211354/exthost4/ms-python.python/Python Language Server.log [930ms]
2026-07-24 22:02:42.706 [info] > git ls-tree -l 3e6766d463111b0abf097373607e691624766d68 -- .codeoss/data/logs/20260724T211354/exthost4/googlecloudtools.datacloud/Google Cloud Data Agent Kit.log [952ms]
2026-07-24 22:02:42.706 [info] > git ls-tree -l 3e6766d463111b0abf097373607e691624766d68 -- .codeoss/data/logs/20260724T211354/exthost2/vscode.git/Git.log [973ms]
2026-07-24 22:02:42.706 [info] > git ls-tree -l 01a2ff2ecc2c891daa78b1af1274c4a26deffb90 -- .codeoss/data/logs/20260724T211354/exthost2/vscode.git/Git.log [991ms]
2026-07-24 22:02:42.707 [info] > git ls-tree -l 3e6766d463111b0abf097373607e691624766d68 -- .codeoss/data/logs/20260724T211354/exthost2/remoteexthost.log [1012ms]
2026-07-24 22:02:42.707 [info] > git ls-tree -l 01a2ff2ecc2c891daa78b1af1274c4a26deffb90 -- .codeoss/data/logs/20260724T211354/exthost2/remoteexthost.log [1031ms]
2026-07-24 22:02:42.707 [info] > git ls-tree -l 3e6766d463111b0abf097373607e691624766d68 -- .codeoss/data/logs/20260724T211354/exthost2/output_logging_20260724T212057/3-EditorConfig.log [1052ms]
2026-07-24 22:02:42.707 [info] > git ls-tree -l 01a2ff2ecc2c891daa78b1af1274c4a26deffb90 -- .codeoss/data/logs/20260724T211354/exthost2/output_logging_20260724T212057/3-EditorConfig.log [1070ms]
2026-07-24 22:02:42.707 [info] > git ls-tree -l 3e6766d463111b0abf097373607e691624766d68 -- .codeoss/data/logs/20260724T211354/exthost2/googlecloudtools.datacloud/Google Cloud Data Agent Kit.log [1088ms]
2026-07-24 22:02:42.707 [info] > git ls-tree -l 01a2ff2ecc2c891daa78b1af1274c4a26deffb90 -- .codeoss/data/logs/20260724T211354/exthost2/googlecloudtools.datacloud/Google Cloud Data Agent Kit.log [1105ms]
2026-07-24 22:02:42.708 [info] > git ls-tree -l 3e6766d463111b0abf097373607e691624766d68 -- .codeoss/data/User/workspaceStorage/12d43996/vscode.lock [1124ms]
2026-07-24 22:02:42.708 [info] > git ls-tree -l 01a2ff2ecc2c891daa78b1af1274c4a26deffb90 -- .codeoss/data/User/workspaceStorage/12d43996/vscode.lock [1142ms]
2026-07-24 22:02:42.709 [info] > git ls-tree -l 3e6766d463111b0abf097373607e691624766d68 -- .codeoss/cde_restorepath [1161ms]
2026-07-24 22:02:42.709 [info] > git ls-tree -l 01a2ff2ecc2c891daa78b1af1274c4a26deffb90 -- .codeoss/cde_restorepath [1182ms]
2026-07-24 22:02:42.710 [info] > git ls-tree -l 3e6766d463111b0abf097373607e691624766d68 -- .cache/cloud-code/api-metadata/libraries.csv [1201ms]
2026-07-24 22:02:42.710 [info] > git ls-tree -l 01a2ff2ecc2c891daa78b1af1274c4a26deffb90 -- .cache/cloud-code/api-metadata/libraries.csv [1220ms]
2026-07-24 22:02:42.710 [info] > git ls-tree -l 3e6766d463111b0abf097373607e691624766d68 -- .bash_history [1239ms]
2026-07-24 22:02:42.710 [info] > git ls-tree -l 01a2ff2ecc2c891daa78b1af1274c4a26deffb90 -- .bash_history [1259ms]
2026-07-24 22:02:42.712 [info] > git check-ignore -v -z --stdin [42ms]
2026-07-24 22:02:42.712 [info] > git cat-file -s e69de29bb2d1d6434b8b29ae775ad8c2e48c5391 [17ms]
2026-07-24 22:02:43.863 [info] > git show --textconv 3e6766d463111b0abf097373607e691624766d68:.npm/_logs/2026-07-24T21_51_24_517Z-debug-0.log [1056ms]
2026-07-24 22:02:43.863 [info] > git show --textconv 01a2ff2ecc2c891daa78b1af1274c4a26deffb90:.npm/_logs/2026-07-20T21_04_15_603Z-debug-0.log [1043ms]
2026-07-24 22:02:43.863 [info] > git show --textconv 3e6766d463111b0abf097373607e691624766d68:.npm/_logs/2026-07-24T21_51_24_480Z-debug-0.log [1028ms]
2026-07-24 22:02:43.863 [info] > git show --textconv 01a2ff2ecc2c891daa78b1af1274c4a26deffb90:.npm/_logs/2026-07-20T21_05_38_188Z-debug-0.log [1012ms]
2026-07-24 22:02:43.863 [info] > git show --textconv 3e6766d463111b0abf097373607e691624766d68:.npm/_logs/2026-07-24T21_51_06_242Z-debug-0.log [997ms]
2026-07-24 22:02:43.863 [info] > git show --textconv 01a2ff2ecc2c891daa78b1af1274c4a26deffb90:.npm/_logs/2026-07-20T21_05_38_206Z-debug-0.log [984ms]
2026-07-24 22:02:43.863 [info] > git show --textconv 3e6766d463111b0abf097373607e691624766d68:.npm/_logs/2026-07-24T21_51_06_224Z-debug-0.log [971ms]
2026-07-24 22:02:43.863 [info] > git show --textconv 01a2ff2ecc2c891daa78b1af1274c4a26deffb90:.npm/_logs/2026-07-20T21_04_15_563Z-debug-0.log [956ms]
2026-07-24 22:02:43.863 [info] > git show --textconv 3e6766d463111b0abf097373607e691624766d68:.npm/_logs/2026-07-24T21_50_53_056Z-debug-0.log [938ms]
2026-07-24 22:02:43.863 [info] > git show --textconv 01a2ff2ecc2c891daa78b1af1274c4a26deffb90:.npm/_logs/2026-07-20T21_03_55_938Z-debug-0.log [919ms]
2026-07-24 22:02:43.863 [info] > git show --textconv 3e6766d463111b0abf097373607e691624766d68:.npm/_logs/2026-07-24T21_50_53_038Z-debug-0.log [900ms]
2026-07-24 22:02:43.863 [info] > git show --textconv 01a2ff2ecc2c891daa78b1af1274c4a26deffb90:.npm/_logs/2026-07-20T21_04_48_554Z-debug-0.log [882ms]
2026-07-24 22:02:43.863 [info] > git show --textconv 3e6766d463111b0abf097373607e691624766d68:.npm/_logs/2026-07-24T21_50_41_012Z-debug-0.log [864ms]
2026-07-24 22:02:43.866 [info] > git show --textconv 01a2ff2ecc2c891daa78b1af1274c4a26deffb90:.npm/_logs/2026-07-23T15_19_59_478Z-debug-0.log [847ms]
2026-07-24 22:02:43.866 [info] > git show --textconv 01a2ff2ecc2c891daa78b1af1274c4a26deffb90:.npm/_logs/2026-07-24T21_13_58_465Z-debug-0.log [828ms]
2026-07-24 22:02:43.866 [info] > git show --textconv 01a2ff2ecc2c891daa78b1af1274c4a26deffb90:.npm/_logs/2026-07-24T21_13_55_824Z-debug-0.log [809ms]
2026-07-24 22:02:43.866 [info] > git show --textconv 01a2ff2ecc2c891daa78b1af1274c4a26deffb90:.npm/_logs/2026-07-24T21_13_25_393Z-debug-0.log [790ms]
2026-07-24 22:02:43.866 [info] > git show --textconv 01a2ff2ecc2c891daa78b1af1274c4a26deffb90:.npm/_logs/2026-07-23T15_20_12_868Z-debug-0.log [769ms]
2026-07-24 22:02:43.866 [info] > git show --textconv 01a2ff2ecc2c891daa78b1af1274c4a26deffb90:.npm/_logs/2026-07-23T15_20_04_459Z-debug-0.log [752ms]
2026-07-24 22:02:43.866 [info] > git show --textconv 01a2ff2ecc2c891daa78b1af1274c4a26deffb90:.npm/_logs/2026-07-23T15_20_02_117Z-debug-0.log [732ms]
2026-07-24 22:02:43.866 [info] > git show --textconv 01a2ff2ecc2c891daa78b1af1274c4a26deffb90:.npm/_logs/2026-07-20T21_07_08_213Z-debug-0.log [715ms]
2026-07-24 22:02:43.866 [info] > git show --textconv 01a2ff2ecc2c891daa78b1af1274c4a26deffb90:.npm/_logs/2026-07-20T21_07_08_186Z-debug-0.log [698ms]
2026-07-24 22:02:43.866 [info] > git show --textconv 01a2ff2ecc2c891daa78b1af1274c4a26deffb90:.npm/_logs/2026-07-20T21_04_48_534Z-debug-0.log [679ms]
2026-07-24 22:02:43.866 [info] > git show --textconv 3e6766d463111b0abf097373607e691624766d68:.gemini/tmp/cleanskiier27/chats/session-2026-07-24T21-50-a2a-serv.jsonl [643ms]
2026-07-24 22:02:43.866 [info] > git show --textconv 3e6766d463111b0abf097373607e691624766d68:.codeoss/data/logs/20260724T211354/remoteagent.log [622ms]
2026-07-24 22:02:43.866 [info] > git show --textconv 01a2ff2ecc2c891daa78b1af1274c4a26deffb90:.codeoss/data/logs/20260724T211354/remoteagent.log [609ms]
2026-07-24 22:02:43.866 [info] > git show --textconv 3e6766d463111b0abf097373607e691624766d68:.codeoss/data/logs/20260724T211354/exthost4/vscode.json-language-features/JSON Language Server.log [592ms]
2026-07-24 22:02:43.866 [info] > git show --textconv 3e6766d463111b0abf097373607e691624766d68:.codeoss/data/logs/20260724T211354/exthost4/vscode.github/GitHub.log [573ms]
2026-07-24 22:02:43.866 [info] > git show --textconv 3e6766d463111b0abf097373607e691624766d68:.codeoss/data/logs/20260724T211354/exthost4/vscode.github-authentication/GitHub Authentication.log [553ms]
2026-07-24 22:02:43.866 [info] > git show --textconv 3e6766d463111b0abf097373607e691624766d68:.codeoss/data/logs/20260724T211354/exthost4/vscode.git/Git.log [532ms]
2026-07-24 22:02:43.866 [info] > git show --textconv 3e6766d463111b0abf097373607e691624766d68:.codeoss/data/logs/20260724T211354/exthost4/remoteexthost.log [513ms]
2026-07-24 22:02:43.866 [info] > git show --textconv 3e6766d463111b0abf097373607e691624766d68:.codeoss/data/logs/20260724T211354/exthost4/remoteExtHostTelemetry.log [494ms]
2026-07-24 22:02:43.866 [info] > git show --textconv 3e6766d463111b0abf097373607e691624766d68:.codeoss/data/logs/20260724T211354/exthost4/output_logging_20260724T215032/9-Google Cloud CLI Installation.log [474ms]
2026-07-24 22:02:43.866 [info] > git show --textconv 3e6766d463111b0abf097373607e691624766d68:.codeoss/data/logs/20260724T211354/exthost4/output_logging_20260724T215032/8-EditorConfig.log [455ms]
2026-07-24 22:02:43.866 [info] > git show --textconv 3e6766d463111b0abf097373607e691624766d68:.codeoss/data/logs/20260724T211354/exthost4/output_logging_20260724T215032/7-Gemini CLI IDE Companion.log [437ms]
2026-07-24 22:02:43.866 [info] > git show --textconv 3e6766d463111b0abf097373607e691624766d68:.codeoss/data/logs/20260724T211354/exthost4/output_logging_20260724T215032/6-DataCloud Agent Skill Installer.log [418ms]
2026-07-24 22:02:43.866 [info] > git show --textconv 3e6766d463111b0abf097373607e691624766d68:.codeoss/data/logs/20260724T211354/exthost4/output_logging_20260724T215032/5-Visualization MCP.log [399ms]
2026-07-24 22:02:43.867 [info] > git show --textconv 3e6766d463111b0abf097373607e691624766d68:.codeoss/data/logs/20260724T211354/exthost4/output_logging_20260724T215032/4-MCP Audit Logs.log [381ms]
2026-07-24 22:02:43.867 [info] > git show --textconv 3e6766d463111b0abf097373607e691624766d68:.codeoss/data/logs/20260724T211354/exthost4/output_logging_20260724T215032/3-Notebook MCP.log [363ms]
2026-07-24 22:02:43.867 [info] > git show --textconv 3e6766d463111b0abf097373607e691624766d68:.codeoss/data/logs/20260724T211354/exthost4/output_logging_20260724T215032/2-Jupyter Server Console.log [345ms]
2026-07-24 22:02:43.867 [info] > git show --textconv 3e6766d463111b0abf097373607e691624766d68:.codeoss/data/logs/20260724T211354/exthost4/output_logging_20260724T215032/12-Gemini Code Assist Agent.log [313ms]
2026-07-24 22:02:43.867 [info] > git show --textconv 3e6766d463111b0abf097373607e691624766d68:.codeoss/data/logs/20260724T211354/exthost4/output_logging_20260724T215032/11-Cloud Code Yaml Support.log [297ms]
2026-07-24 22:02:43.867 [info] > git show --textconv 3e6766d463111b0abf097373607e691624766d68:.codeoss/data/logs/20260724T211354/exthost4/output_logging_20260724T215032/10-Apigee.log [283ms]
2026-07-24 22:02:43.867 [info] > git show --textconv 3e6766d463111b0abf097373607e691624766d68:.codeoss/data/logs/20260724T211354/exthost4/output_logging_20260724T215032/1-Jupyter.log [267ms]
2026-07-24 22:02:43.867 [info] > git show --textconv 3e6766d463111b0abf097373607e691624766d68:.codeoss/data/logs/20260724T211354/exthost4/ms-python.python/Python.log [254ms]
2026-07-24 22:02:43.867 [info] > git show --textconv 3e6766d463111b0abf097373607e691624766d68:.codeoss/data/logs/20260724T211354/exthost4/ms-python.python/Python Language Server.log [242ms]
2026-07-24 22:02:43.867 [info] > git show --textconv 3e6766d463111b0abf097373607e691624766d68:.codeoss/data/logs/20260724T211354/exthost4/googlecloudtools.datacloud/Google Cloud Data Agent Kit.log [229ms]
2026-07-24 22:02:43.867 [info] > git show --textconv 3e6766d463111b0abf097373607e691624766d68:.codeoss/data/logs/20260724T211354/exthost2/vscode.git/Git.log [217ms]
2026-07-24 22:02:43.867 [info] > git show --textconv 01a2ff2ecc2c891daa78b1af1274c4a26deffb90:.codeoss/data/logs/20260724T211354/exthost2/vscode.git/Git.log [206ms]
2026-07-24 22:02:43.867 [info] > git show --textconv 3e6766d463111b0abf097373607e691624766d68:.codeoss/data/logs/20260724T211354/exthost2/remoteexthost.log [193ms]
2026-07-24 22:02:43.867 [info] > git show --textconv 01a2ff2ecc2c891daa78b1af1274c4a26deffb90:.codeoss/data/logs/20260724T211354/exthost2/remoteexthost.log [178ms]
2026-07-24 22:02:43.867 [info] > git show --textconv 3e6766d463111b0abf097373607e691624766d68:.codeoss/data/logs/20260724T211354/exthost2/output_logging_20260724T212057/3-EditorConfig.log [164ms]
2026-07-24 22:02:43.867 [info] > git show --textconv 01a2ff2ecc2c891daa78b1af1274c4a26deffb90:.codeoss/data/logs/20260724T211354/exthost2/output_logging_20260724T212057/3-EditorConfig.log [149ms]
2026-07-24 22:02:43.867 [info] > git show --textconv 3e6766d463111b0abf097373607e691624766d68:.codeoss/data/logs/20260724T211354/exthost2/googlecloudtools.datacloud/Google Cloud Data Agent Kit.log [135ms]
2026-07-24 22:02:43.867 [info] > git show --textconv 01a2ff2ecc2c891daa78b1af1274c4a26deffb90:.codeoss/data/logs/20260724T211354/exthost2/googlecloudtools.datacloud/Google Cloud Data Agent Kit.log [121ms]
2026-07-24 22:02:43.867 [info] > git show --textconv 3e6766d463111b0abf097373607e691624766d68:.codeoss/data/User/workspaceStorage/12d43996/vscode.lock [108ms]
2026-07-24 22:02:43.867 [info] > git show --textconv 01a2ff2ecc2c891daa78b1af1274c4a26deffb90:.codeoss/data/User/workspaceStorage/12d43996/vscode.lock [96ms]
2026-07-24 22:02:43.867 [info] > git show --textconv 3e6766d463111b0abf097373607e691624766d68:.codeoss/cde_restorepath [85ms]
2026-07-24 22:02:43.867 [info] > git show --textconv 01a2ff2ecc2c891daa78b1af1274c4a26deffb90:.codeoss/cde_restorepath [72ms]
2026-07-24 22:02:43.867 [info] > git show --textconv 3e6766d463111b0abf097373607e691624766d68:.cache/cloud-code/api-metadata/libraries.csv [58ms]
2026-07-24 22:02:43.867 [info] > git show --textconv 01a2ff2ecc2c891daa78b1af1274c4a26deffb90:.cache/cloud-code/api-metadata/libraries.csv [45ms]
2026-07-24 22:02:43.867 [info] > git show --textconv 3e6766d463111b0abf097373607e691624766d68:.bash_history [33ms]
2026-07-24 22:02:43.867 [info] > git show --textconv 01a2ff2ecc2c891daa78b1af1274c4a26deffb90:.bash_history [20ms]
2026-07-24 22:02:43.867 [info] > git show --textconv :README.md [7ms]
2026-07-24 22:02:43.885 [info] > git show --textconv 3e6766d463111b0abf097373607e691624766d68:.gemini/tmp/cleanskiier27/chats/session-2026-07-24T21-51-a2a-serv.jsonl [680ms]
2026-07-24 22:02:43.885 [info] > git show --textconv 3e6766d463111b0abf097373607e691624766d68:.codeoss/data/logs/20260724T211354/exthost4/output_logging_20260724T215032/13-Gemini Code Assist.log [348ms]
2026-07-24 22:02:46.064 [info] > git config --get commit.template [20ms]
2026-07-24 22:02:46.065 [info] > git for-each-ref --format=%(refname)%00%(upstream:short)%00%(objectname)%00%(upstream:track)%00%(upstream:remotename)%00%(upstream:remoteref) refs/heads/main refs/remotes/main [2ms]
2026-07-24 22:02:46.103 [info] > git status -z -uall [19ms]
2026-07-24 22:02:46.105 [info] > git for-each-ref --sort -committerdate --format %(refname)%00%(objectname)%00%(*objectname) [3ms]
2026-07-24 22:02:46.558 [info] > git check-ignore -v -z --stdin [2ms]
2026-07-24 22:02:51.182 [info] > git config --get commit.template [7ms]
2026-07-24 22:02:51.241 [info] > git for-each-ref --format=%(refname)%00%(upstream:short)%00%(objectname)%00%(upstream:track)%00%(upstream:remotename)%00%(upstream:remoteref) refs/heads/main refs/remotes/main [15ms]
2026-07-24 22:02:51.346 [info] > git for-each-ref --sort -committerdate --format %(refname)%00%(objectname)%00%(*objectname) [6ms]
2026-07-24 22:02:51.356 [info] > git status -z -uall [51ms]
2026-07-24 22:02:51.961 [info] > git check-ignore -v -z --stdin [4ms]
2026-07-24 22:02:55.114 [info] > git add -A -- . [79ms]
2026-07-24 22:02:55.145 [info] > git -c user.useConfigOnly=true commit --quiet --allow-empty-message --file - [14ms]
2026-07-24 22:02:55.163 [info] > git config --get commit.template [2ms]
2026-07-24 22:02:55.211 [info] > git config --get commit.template [24ms]
2026-07-24 22:02:55.212 [info] > git for-each-ref --format=%(refname)%00%(upstream:short)%00%(objectname)%00%(upstream:track)%00%(upstream:remotename)%00%(upstream:remoteref) refs/heads/main refs/remotes/main [2ms]
2026-07-24 22:02:55.253 [info] > git status -z -uall [19ms]
2026-07-24 22:02:55.253 [info] > git for-each-ref --sort -committerdate --format %(refname)%00%(objectname)%00%(*objectname) [3ms]
2026-07-24 22:02:55.275 [info] > git blame --root --incremental d605245bafe5b55e875b2e21b83f826d6c020b23 -- README.md [4ms]
2026-07-24 22:02:55.436 [info] > git config --get commit.template [22ms]
2026-07-24 22:02:55.437 [info] > git for-each-ref --format=%(refname)%00%(upstream:short)%00%(objectname)%00%(upstream:track)%00%(upstream:remotename)%00%(upstream:remoteref) refs/heads/main refs/remotes/main [3ms]
2026-07-24 22:02:55.478 [info] > git status -z -uall [23ms]
2026-07-24 22:02:55.479 [info] > git for-each-ref --sort -committerdate --format %(refname)%00%(objectname)%00%(*objectname) [3ms]
2026-07-24 22:02:55.581 [info] > git log --format=%H%n%aN%n%aE%n%at%n%ct%n%P%n%D%n%B -z --shortstat --diff-merges=first-parent -n50 --skip=0 --topo-order --decorate=full --stdin [203ms]
2026-07-24 22:02:55.777 [info] > git check-ignore -v -z --stdin [2ms]
2026-07-24 22:02:56.032 [info] > git check-ignore -v -z --stdin [1ms]
2026-07-24 22:02:57.825 [info] > git ls-files --stage -- README.md [30ms]
2026-07-24 22:02:57.845 [info] > git ls-tree -l 3e6766d463111b0abf097373607e691624766d68 -- .npm/_logs/2026-07-24T21_51_24_517Z-debug-0.log [68ms]
2026-07-24 22:02:57.845 [info] > git ls-tree -l 01a2ff2ecc2c891daa78b1af1274c4a26deffb90 -- .npm/_logs/2026-07-20T21_04_15_603Z-debug-0.log [87ms]
2026-07-24 22:02:57.846 [info] > git ls-tree -l 3e6766d463111b0abf097373607e691624766d68 -- .npm/_logs/2026-07-24T21_51_24_480Z-debug-0.log [108ms]
2026-07-24 22:02:57.846 [info] > git ls-tree -l 01a2ff2ecc2c891daa78b1af1274c4a26deffb90 -- .npm/_logs/2026-07-20T21_05_38_188Z-debug-0.log [128ms]
2026-07-24 22:02:57.846 [info] > git ls-tree -l 3e6766d463111b0abf097373607e691624766d68 -- .npm/_logs/2026-07-24T21_51_06_242Z-debug-0.log [146ms]
2026-07-24 22:02:57.846 [info] > git ls-tree -l 01a2ff2ecc2c891daa78b1af1274c4a26deffb90 -- .npm/_logs/2026-07-20T21_05_38_206Z-debug-0.log [166ms]
2026-07-24 22:02:57.847 [info] > git ls-tree -l 3e6766d463111b0abf097373607e691624766d68 -- .npm/_logs/2026-07-24T21_51_06_224Z-debug-0.log [186ms]
2026-07-24 22:02:57.847 [info] > git ls-tree -l 01a2ff2ecc2c891daa78b1af1274c4a26deffb90 -- .npm/_logs/2026-07-20T21_04_15_563Z-debug-0.log [206ms]
2026-07-24 22:02:57.847 [info] > git ls-tree -l 3e6766d463111b0abf097373607e691624766d68 -- .npm/_logs/2026-07-24T21_50_53_056Z-debug-0.log [225ms]
2026-07-24 22:02:57.847 [info] > git ls-tree -l 01a2ff2ecc2c891daa78b1af1274c4a26deffb90 -- .npm/_logs/2026-07-20T21_03_55_938Z-debug-0.log [244ms]
2026-07-24 22:02:57.847 [info] > git ls-tree -l 3e6766d463111b0abf097373607e691624766d68 -- .npm/_logs/2026-07-24T21_50_53_038Z-debug-0.log [263ms]
2026-07-24 22:02:57.848 [info] > git ls-tree -l 01a2ff2ecc2c891daa78b1af1274c4a26deffb90 -- .npm/_logs/2026-07-20T21_04_48_554Z-debug-0.log [281ms]
2026-07-24 22:02:57.848 [info] > git ls-tree -l 3e6766d463111b0abf097373607e691624766d68 -- .npm/_logs/2026-07-24T21_50_41_012Z-debug-0.log [298ms]
2026-07-24 22:02:57.848 [info] > git ls-tree -l 01a2ff2ecc2c891daa78b1af1274c4a26deffb90 -- .npm/_logs/2026-07-23T15_19_59_478Z-debug-0.log [316ms]
2026-07-24 22:02:57.848 [info] > git ls-tree -l 01a2ff2ecc2c891daa78b1af1274c4a26deffb90 -- .npm/_logs/2026-07-24T21_13_58_465Z-debug-0.log [336ms]
2026-07-24 22:02:57.848 [info] > git ls-tree -l 01a2ff2ecc2c891daa78b1af1274c4a26deffb90 -- .npm/_logs/2026-07-24T21_13_55_824Z-debug-0.log [356ms]
2026-07-24 22:02:57.849 [info] > git ls-tree -l 01a2ff2ecc2c891daa78b1af1274c4a26deffb90 -- .npm/_logs/2026-07-24T21_13_25_393Z-debug-0.log [377ms]
2026-07-24 22:02:57.849 [info] > git ls-tree -l 01a2ff2ecc2c891daa78b1af1274c4a26deffb90 -- .npm/_logs/2026-07-23T15_20_12_868Z-debug-0.log [395ms]
2026-07-24 22:02:57.849 [info] > git ls-tree -l 01a2ff2ecc2c891daa78b1af1274c4a26deffb90 -- .npm/_logs/2026-07-23T15_20_04_459Z-debug-0.log [414ms]
2026-07-24 22:02:57.849 [info] > git ls-tree -l 01a2ff2ecc2c891daa78b1af1274c4a26deffb90 -- .npm/_logs/2026-07-23T15_20_02_117Z-debug-0.log [433ms]
2026-07-24 22:02:57.849 [info] > git ls-tree -l 01a2ff2ecc2c891daa78b1af1274c4a26deffb90 -- .npm/_logs/2026-07-20T21_07_08_213Z-debug-0.log [452ms]
2026-07-24 22:02:57.850 [info] > git ls-tree -l 01a2ff2ecc2c891daa78b1af1274c4a26deffb90 -- .npm/_logs/2026-07-20T21_07_08_186Z-debug-0.log [472ms]
2026-07-24 22:02:57.850 [info] > git ls-tree -l 01a2ff2ecc2c891daa78b1af1274c4a26deffb90 -- .npm/_logs/2026-07-20T21_04_48_534Z-debug-0.log [491ms]
2026-07-24 22:02:57.850 [info] > git ls-tree -l 3e6766d463111b0abf097373607e691624766d68 -- .gemini/tmp/cleanskiier27/chats/session-2026-07-24T21-51-a2a-serv.jsonl [511ms]
2026-07-24 22:02:57.850 [info] > git ls-tree -l 3e6766d463111b0abf097373607e691624766d68 -- .gemini/tmp/cleanskiier27/chats/session-2026-07-24T21-50-a2a-serv.jsonl [529ms]
2026-07-24 22:02:57.850 [info] > git ls-tree -l 3e6766d463111b0abf097373607e691624766d68 -- .codeoss/data/logs/20260724T211354/remoteagent.log [547ms]
2026-07-24 22:02:57.851 [info] > git ls-tree -l 01a2ff2ecc2c891daa78b1af1274c4a26deffb90 -- .codeoss/data/logs/20260724T211354/remoteagent.log [566ms]
2026-07-24 22:02:57.851 [info] > git ls-tree -l 3e6766d463111b0abf097373607e691624766d68 -- .codeoss/data/logs/20260724T211354/exthost4/vscode.json-language-features/JSON Language Server.log [586ms]
2026-07-24 22:02:57.851 [info] > git ls-tree -l 3e6766d463111b0abf097373607e691624766d68 -- .codeoss/data/logs/20260724T211354/exthost4/vscode.github/GitHub.log [597ms]
2026-07-24 22:02:57.852 [info] > git ls-tree -l 3e6766d463111b0abf097373607e691624766d68 -- .codeoss/data/logs/20260724T211354/exthost4/vscode.github-authentication/GitHub Authentication.log [610ms]
2026-07-24 22:02:57.852 [info] > git ls-tree -l 3e6766d463111b0abf097373607e691624766d68 -- .codeoss/data/logs/20260724T211354/exthost4/vscode.git/Git.log [622ms]
2026-07-24 22:02:57.852 [info] > git ls-tree -l 3e6766d463111b0abf097373607e691624766d68 -- .codeoss/data/logs/20260724T211354/exthost4/remoteexthost.log [633ms]
2026-07-24 22:02:57.852 [info] > git ls-tree -l 3e6766d463111b0abf097373607e691624766d68 -- .codeoss/data/logs/20260724T211354/exthost4/remoteExtHostTelemetry.log [649ms]
2026-07-24 22:02:57.853 [info] > git ls-tree -l 3e6766d463111b0abf097373607e691624766d68 -- .codeoss/data/logs/20260724T211354/exthost4/output_logging_20260724T215032/9-Google Cloud CLI Installation.log [665ms]
2026-07-24 22:02:57.853 [info] > git ls-tree -l 3e6766d463111b0abf097373607e691624766d68 -- .codeoss/data/logs/20260724T211354/exthost4/output_logging_20260724T215032/8-EditorConfig.log [677ms]
2026-07-24 22:02:57.853 [info] > git ls-tree -l 3e6766d463111b0abf097373607e691624766d68 -- .codeoss/data/logs/20260724T211354/exthost4/output_logging_20260724T215032/7-Gemini CLI IDE Companion.log [695ms]
2026-07-24 22:02:57.853 [info] > git ls-tree -l 3e6766d463111b0abf097373607e691624766d68 -- .codeoss/data/logs/20260724T211354/exthost4/output_logging_20260724T215032/6-DataCloud Agent Skill Installer.log [714ms]
2026-07-24 22:02:57.853 [info] > git ls-tree -l 3e6766d463111b0abf097373607e691624766d68 -- .codeoss/data/logs/20260724T211354/exthost4/output_logging_20260724T215032/5-Visualization MCP.log [731ms]
2026-07-24 22:02:57.854 [info] > git ls-tree -l 3e6766d463111b0abf097373607e691624766d68 -- .codeoss/data/logs/20260724T211354/exthost4/output_logging_20260724T215032/4-MCP Audit Logs.log [750ms]
2026-07-24 22:02:57.854 [info] > git ls-tree -l 3e6766d463111b0abf097373607e691624766d68 -- .codeoss/data/logs/20260724T211354/exthost4/output_logging_20260724T215032/3-Notebook MCP.log [768ms]
2026-07-24 22:02:57.854 [info] > git ls-tree -l 3e6766d463111b0abf097373607e691624766d68 -- .codeoss/data/logs/20260724T211354/exthost4/output_logging_20260724T215032/2-Jupyter Server Console.log [787ms]
2026-07-24 22:02:57.854 [info] > git ls-tree -l 3e6766d463111b0abf097373607e691624766d68 -- .codeoss/data/logs/20260724T211354/exthost4/output_logging_20260724T215032/13-Gemini Code Assist.log [805ms]
2026-07-24 22:02:57.854 [info] > git ls-tree -l 3e6766d463111b0abf097373607e691624766d68 -- .codeoss/data/logs/20260724T211354/exthost4/output_logging_20260724T215032/12-Gemini Code Assist Agent.log [817ms]
2026-07-24 22:02:57.855 [info] > git ls-tree -l 3e6766d463111b0abf097373607e691624766d68 -- .codeoss/data/logs/20260724T211354/exthost4/output_logging_20260724T215032/11-Cloud Code Yaml Support.log [830ms]
2026-07-24 22:02:57.855 [info] > git ls-tree -l 3e6766d463111b0abf097373607e691624766d68 -- .codeoss/data/logs/20260724T211354/exthost4/output_logging_20260724T215032/10-Apigee.log [842ms]
2026-07-24 22:02:57.855 [info] > git ls-tree -l 3e6766d463111b0abf097373607e691624766d68 -- .codeoss/data/logs/20260724T211354/exthost4/output_logging_20260724T215032/1-Jupyter.log [857ms]
2026-07-24 22:02:57.855 [info] > git ls-tree -l 3e6766d463111b0abf097373607e691624766d68 -- .codeoss/data/logs/20260724T211354/exthost4/ms-python.python/Python.log [870ms]
2026-07-24 22:02:57.855 [info] > git ls-tree -l 3e6766d463111b0abf097373607e691624766d68 -- .codeoss/data/logs/20260724T211354/exthost4/ms-python.python/Python Language Server.log [883ms]
2026-07-24 22:02:57.856 [info] > git ls-tree -l 3e6766d463111b0abf097373607e691624766d68 -- .codeoss/data/logs/20260724T211354/exthost4/googlecloudtools.datacloud/Google Cloud Data Agent Kit.log [897ms]
2026-07-24 22:02:57.856 [info] > git ls-tree -l 3e6766d463111b0abf097373607e691624766d68 -- .codeoss/data/logs/20260724T211354/exthost2/vscode.git/Git.log [910ms]
2026-07-24 22:02:57.856 [info] > git ls-tree -l 01a2ff2ecc2c891daa78b1af1274c4a26deffb90 -- .codeoss/data/logs/20260724T211354/exthost2/vscode.git/Git.log [924ms]
2026-07-24 22:02:57.856 [info] > git ls-tree -l 3e6766d463111b0abf097373607e691624766d68 -- .codeoss/data/logs/20260724T211354/exthost2/remoteexthost.log [938ms]
2026-07-24 22:02:57.856 [info] > git ls-tree -l 01a2ff2ecc2c891daa78b1af1274c4a26deffb90 -- .codeoss/data/logs/20260724T211354/exthost2/remoteexthost.log [952ms]
2026-07-24 22:02:57.856 [info] > git ls-tree -l 3e6766d463111b0abf097373607e691624766d68 -- .codeoss/data/logs/20260724T211354/exthost2/output_logging_20260724T212057/3-EditorConfig.log [966ms]
2026-07-24 22:02:57.857 [info] > git ls-tree -l 01a2ff2ecc2c891daa78b1af1274c4a26deffb90 -- .codeoss/data/logs/20260724T211354/exthost2/output_logging_20260724T212057/3-EditorConfig.log [981ms]
2026-07-24 22:02:57.857 [info] > git ls-tree -l 3e6766d463111b0abf097373607e691624766d68 -- .codeoss/data/logs/20260724T211354/exthost2/googlecloudtools.datacloud/Google Cloud Data Agent Kit.log [994ms]
2026-07-24 22:02:57.857 [info] > git ls-tree -l 01a2ff2ecc2c891daa78b1af1274c4a26deffb90 -- .codeoss/data/logs/20260724T211354/exthost2/googlecloudtools.datacloud/Google Cloud Data Agent Kit.log [1007ms]
2026-07-24 22:02:57.857 [info] > git ls-tree -l 3e6766d463111b0abf097373607e691624766d68 -- .codeoss/data/User/workspaceStorage/12d43996/vscode.lock [1021ms]
2026-07-24 22:02:57.857 [info] > git ls-tree -l 01a2ff2ecc2c891daa78b1af1274c4a26deffb90 -- .codeoss/data/User/workspaceStorage/12d43996/vscode.lock [1035ms]
2026-07-24 22:02:57.857 [info] > git ls-tree -l 3e6766d463111b0abf097373607e691624766d68 -- .codeoss/cde_restorepath [1049ms]
2026-07-24 22:02:57.858 [info] > git ls-tree -l 01a2ff2ecc2c891daa78b1af1274c4a26deffb90 -- .codeoss/cde_restorepath [1064ms]
2026-07-24 22:02:57.858 [info] > git ls-tree -l 3e6766d463111b0abf097373607e691624766d68 -- .cache/cloud-code/api-metadata/libraries.csv [1080ms]
2026-07-24 22:02:57.858 [info] > git ls-tree -l 01a2ff2ecc2c891daa78b1af1274c4a26deffb90 -- .cache/cloud-code/api-metadata/libraries.csv [1092ms]
2026-07-24 22:02:57.858 [info] > git ls-tree -l 3e6766d463111b0abf097373607e691624766d68 -- .bash_history [1110ms]
2026-07-24 22:02:57.858 [info] > git ls-tree -l 01a2ff2ecc2c891daa78b1af1274c4a26deffb90 -- .bash_history [1129ms]
2026-07-24 22:02:57.859 [info] > git cat-file -s 5280f307b668cef3a99bf1b4b1153b0bf95a9228 [15ms]
2026-07-24 22:02:57.860 [info] > git config --get commit.template [41ms]
2026-07-24 22:02:57.881 [info] > git for-each-ref --format=%(refname)%00%(upstream:short)%00%(objectname)%00%(upstream:track)%00%(upstream:remotename)%00%(upstream:remoteref) refs/heads/main refs/remotes/main [2ms]
2026-07-24 22:02:57.920 [info] > git status -z -uall [21ms]
2026-07-24 22:02:57.921 [info] > git for-each-ref --sort -committerdate --format %(refname)%00%(objectname)%00%(*objectname) [2ms]
2026-07-24 22:02:59.213 [info] > git show --textconv 3e6766d463111b0abf097373607e691624766d68:.npm/_logs/2026-07-24T21_51_24_517Z-debug-0.log [1249ms]
2026-07-24 22:02:59.213 [info] > git show --textconv 01a2ff2ecc2c891daa78b1af1274c4a26deffb90:.npm/_logs/2026-07-20T21_04_15_603Z-debug-0.log [1230ms]
2026-07-24 22:02:59.213 [info] > git show --textconv 3e6766d463111b0abf097373607e691624766d68:.npm/_logs/2026-07-24T21_51_24_480Z-debug-0.log [1211ms]
2026-07-24 22:02:59.213 [info] > git show --textconv 01a2ff2ecc2c891daa78b1af1274c4a26deffb90:.npm/_logs/2026-07-20T21_05_38_188Z-debug-0.log [1190ms]
2026-07-24 22:02:59.213 [info] > git show --textconv 3e6766d463111b0abf097373607e691624766d68:.npm/_logs/2026-07-24T21_51_06_242Z-debug-0.log [1170ms]
2026-07-24 22:02:59.213 [info] > git show --textconv 01a2ff2ecc2c891daa78b1af1274c4a26deffb90:.npm/_logs/2026-07-20T21_05_38_206Z-debug-0.log [1151ms]
2026-07-24 22:02:59.213 [info] > git show --textconv 3e6766d463111b0abf097373607e691624766d68:.npm/_logs/2026-07-24T21_51_06_224Z-debug-0.log [1132ms]
2026-07-24 22:02:59.213 [info] > git show --textconv 01a2ff2ecc2c891daa78b1af1274c4a26deffb90:.npm/_logs/2026-07-20T21_04_15_563Z-debug-0.log [1113ms]
2026-07-24 22:02:59.213 [info] > git show --textconv 3e6766d463111b0abf097373607e691624766d68:.npm/_logs/2026-07-24T21_50_53_056Z-debug-0.log [1093ms]
2026-07-24 22:02:59.213 [info] > git show --textconv 01a2ff2ecc2c891daa78b1af1274c4a26deffb90:.npm/_logs/2026-07-20T21_03_55_938Z-debug-0.log [1073ms]
2026-07-24 22:02:59.214 [info] > git show --textconv 3e6766d463111b0abf097373607e691624766d68:.npm/_logs/2026-07-24T21_50_53_038Z-debug-0.log [1055ms]
2026-07-24 22:02:59.214 [info] > git show --textconv 01a2ff2ecc2c891daa78b1af1274c4a26deffb90:.npm/_logs/2026-07-20T21_04_48_554Z-debug-0.log [1035ms]
2026-07-24 22:02:59.214 [info] > git show --textconv 3e6766d463111b0abf097373607e691624766d68:.npm/_logs/2026-07-24T21_50_41_012Z-debug-0.log [1016ms]
2026-07-24 22:02:59.214 [info] > git show --textconv 01a2ff2ecc2c891daa78b1af1274c4a26deffb90:.npm/_logs/2026-07-23T15_19_59_478Z-debug-0.log [997ms]
2026-07-24 22:02:59.214 [info] > git show --textconv 01a2ff2ecc2c891daa78b1af1274c4a26deffb90:.npm/_logs/2026-07-24T21_13_58_465Z-debug-0.log [978ms]
2026-07-24 22:02:59.214 [info] > git show --textconv 01a2ff2ecc2c891daa78b1af1274c4a26deffb90:.npm/_logs/2026-07-24T21_13_55_824Z-debug-0.log [959ms]
2026-07-24 22:02:59.214 [info] > git show --textconv 01a2ff2ecc2c891daa78b1af1274c4a26deffb90:.npm/_logs/2026-07-24T21_13_25_393Z-debug-0.log [940ms]
2026-07-24 22:02:59.214 [info] > git show --textconv 01a2ff2ecc2c891daa78b1af1274c4a26deffb90:.npm/_logs/2026-07-23T15_20_12_868Z-debug-0.log [920ms]
2026-07-24 22:02:59.214 [info] > git show --textconv 01a2ff2ecc2c891daa78b1af1274c4a26deffb90:.npm/_logs/2026-07-23T15_20_04_459Z-debug-0.log [900ms]
2026-07-24 22:02:59.214 [info] > git show --textconv 01a2ff2ecc2c891daa78b1af1274c4a26deffb90:.npm/_logs/2026-07-23T15_20_02_117Z-debug-0.log [880ms]
2026-07-24 22:02:59.214 [info] > git show --textconv 01a2ff2ecc2c891daa78b1af1274c4a26deffb90:.npm/_logs/2026-07-20T21_07_08_213Z-debug-0.log [862ms]
2026-07-24 22:02:59.214 [info] > git show --textconv 01a2ff2ecc2c891daa78b1af1274c4a26deffb90:.npm/_logs/2026-07-20T21_07_08_186Z-debug-0.log [842ms]
2026-07-24 22:02:59.214 [info] > git show --textconv 01a2ff2ecc2c891daa78b1af1274c4a26deffb90:.npm/_logs/2026-07-20T21_04_48_534Z-debug-0.log [821ms]
2026-07-24 22:02:59.214 [info] > git show --textconv 3e6766d463111b0abf097373607e691624766d68:.gemini/tmp/cleanskiier27/chats/session-2026-07-24T21-51-a2a-serv.jsonl [801ms]
2026-07-24 22:02:59.214 [info] > git show --textconv 3e6766d463111b0abf097373607e691624766d68:.gemini/tmp/cleanskiier27/chats/session-2026-07-24T21-50-a2a-serv.jsonl [783ms]
2026-07-24 22:02:59.214 [info] > git show --textconv 3e6766d463111b0abf097373607e691624766d68:.codeoss/data/logs/20260724T211354/remoteagent.log [765ms]
2026-07-24 22:02:59.214 [info] > git show --textconv 01a2ff2ecc2c891daa78b1af1274c4a26deffb90:.codeoss/data/logs/20260724T211354/remoteagent.log [746ms]
2026-07-24 22:02:59.214 [info] > git show --textconv 3e6766d463111b0abf097373607e691624766d68:.codeoss/data/logs/20260724T211354/exthost4/vscode.json-language-features/JSON Language Server.log [726ms]
2026-07-24 22:02:59.214 [info] > git show --textconv 3e6766d463111b0abf097373607e691624766d68:.codeoss/data/logs/20260724T211354/exthost4/vscode.github/GitHub.log [707ms]
2026-07-24 22:02:59.214 [info] > git show --textconv 3e6766d463111b0abf097373607e691624766d68:.codeoss/data/logs/20260724T211354/exthost4/vscode.github-authentication/GitHub Authentication.log [687ms]
2026-07-24 22:02:59.214 [info] > git show --textconv 3e6766d463111b0abf097373607e691624766d68:.codeoss/data/logs/20260724T211354/exthost4/vscode.git/Git.log [668ms]
2026-07-24 22:02:59.214 [info] > git show --textconv 3e6766d463111b0abf097373607e691624766d68:.codeoss/data/logs/20260724T211354/exthost4/remoteexthost.log [647ms]
2026-07-24 22:02:59.214 [info] > git show --textconv 3e6766d463111b0abf097373607e691624766d68:.codeoss/data/logs/20260724T211354/exthost4/remoteExtHostTelemetry.log [628ms]
2026-07-24 22:02:59.214 [info] > git show --textconv 3e6766d463111b0abf097373607e691624766d68:.codeoss/data/logs/20260724T211354/exthost4/output_logging_20260724T215032/9-Google Cloud CLI Installation.log [608ms]
2026-07-24 22:02:59.214 [info] > git show --textconv 3e6766d463111b0abf097373607e691624766d68:.codeoss/data/logs/20260724T211354/exthost4/output_logging_20260724T215032/8-EditorConfig.log [589ms]
2026-07-24 22:02:59.214 [info] > git show --textconv 3e6766d463111b0abf097373607e691624766d68:.codeoss/data/logs/20260724T211354/exthost4/output_logging_20260724T215032/7-Gemini CLI IDE Companion.log [570ms]
2026-07-24 22:02:59.214 [info] > git show --textconv 3e6766d463111b0abf097373607e691624766d68:.codeoss/data/logs/20260724T211354/exthost4/output_logging_20260724T215032/6-DataCloud Agent Skill Installer.log [545ms]
2026-07-24 22:02:59.214 [info] > git show --textconv 3e6766d463111b0abf097373607e691624766d68:.codeoss/data/logs/20260724T211354/exthost4/output_logging_20260724T215032/5-Visualization MCP.log [525ms]
2026-07-24 22:02:59.214 [info] > git show --textconv 3e6766d463111b0abf097373607e691624766d68:.codeoss/data/logs/20260724T211354/exthost4/output_logging_20260724T215032/4-MCP Audit Logs.log [506ms]
2026-07-24 22:02:59.214 [info] > git show --textconv 3e6766d463111b0abf097373607e691624766d68:.codeoss/data/logs/20260724T211354/exthost4/output_logging_20260724T215032/3-Notebook MCP.log [487ms]
2026-07-24 22:02:59.214 [info] > git show --textconv 3e6766d463111b0abf097373607e691624766d68:.codeoss/data/logs/20260724T211354/exthost4/output_logging_20260724T215032/2-Jupyter Server Console.log [467ms]
2026-07-24 22:02:59.214 [info] > git show --textconv 3e6766d463111b0abf097373607e691624766d68:.codeoss/data/logs/20260724T211354/exthost4/output_logging_20260724T215032/12-Gemini Code Assist Agent.log [429ms]
2026-07-24 22:02:59.214 [info] > git show --textconv 3e6766d463111b0abf097373607e691624766d68:.codeoss/data/logs/20260724T211354/exthost4/output_logging_20260724T215032/11-Cloud Code Yaml Support.log [409ms]
2026-07-24 22:02:59.214 [info] > git show --textconv 3e6766d463111b0abf097373607e691624766d68:.codeoss/data/logs/20260724T211354/exthost4/output_logging_20260724T215032/10-Apigee.log [390ms]
2026-07-24 22:02:59.215 [info] > git show --textconv 3e6766d463111b0abf097373607e691624766d68:.codeoss/data/logs/20260724T211354/exthost4/output_logging_20260724T215032/1-Jupyter.log [371ms]
2026-07-24 22:02:59.215 [info] > git show --textconv 3e6766d463111b0abf097373607e691624766d68:.codeoss/data/logs/20260724T211354/exthost4/ms-python.python/Python.log [352ms]
2026-07-24 22:02:59.215 [info] > git show --textconv 3e6766d463111b0abf097373607e691624766d68:.codeoss/data/logs/20260724T211354/exthost4/ms-python.python/Python Language Server.log [333ms]
2026-07-24 22:02:59.215 [info] > git show --textconv 3e6766d463111b0abf097373607e691624766d68:.codeoss/data/logs/20260724T211354/exthost4/googlecloudtools.datacloud/Google Cloud Data Agent Kit.log [314ms]
2026-07-24 22:02:59.215 [info] > git show --textconv 3e6766d463111b0abf097373607e691624766d68:.codeoss/data/logs/20260724T211354/exthost2/vscode.git/Git.log [295ms]
2026-07-24 22:02:59.215 [info] > git show --textconv 01a2ff2ecc2c891daa78b1af1274c4a26deffb90:.codeoss/data/logs/20260724T211354/exthost2/vscode.git/Git.log [276ms]
2026-07-24 22:02:59.215 [info] > git show --textconv 3e6766d463111b0abf097373607e691624766d68:.codeoss/data/logs/20260724T211354/exthost2/remoteexthost.log [257ms]
2026-07-24 22:02:59.215 [info] > git show --textconv 01a2ff2ecc2c891daa78b1af1274c4a26deffb90:.codeoss/data/logs/20260724T211354/exthost2/remoteexthost.log [237ms]
2026-07-24 22:02:59.215 [info] > git show --textconv 3e6766d463111b0abf097373607e691624766d68:.codeoss/data/logs/20260724T211354/exthost2/output_logging_20260724T212057/3-EditorConfig.log [219ms]
2026-07-24 22:02:59.215 [info] > git show --textconv 01a2ff2ecc2c891daa78b1af1274c4a26deffb90:.codeoss/data/logs/20260724T211354/exthost2/output_logging_20260724T212057/3-EditorConfig.log [200ms]
2026-07-24 22:02:59.215 [info] > git show --textconv 3e6766d463111b0abf097373607e691624766d68:.codeoss/data/logs/20260724T211354/exthost2/googlecloudtools.datacloud/Google Cloud Data Agent Kit.log [181ms]
2026-07-24 22:02:59.215 [info] > git show --textconv 01a2ff2ecc2c891daa78b1af1274c4a26deffb90:.codeoss/data/logs/20260724T211354/exthost2/googlecloudtools.datacloud/Google Cloud Data Agent Kit.log [162ms]
2026-07-24 22:02:59.215 [info] > git show --textconv 3e6766d463111b0abf097373607e691624766d68:.codeoss/data/User/workspaceStorage/12d43996/vscode.lock [143ms]
2026-07-24 22:02:59.215 [info] > git show --textconv 01a2ff2ecc2c891daa78b1af1274c4a26deffb90:.codeoss/data/User/workspaceStorage/12d43996/vscode.lock [125ms]
2026-07-24 22:02:59.215 [info] > git show --textconv 3e6766d463111b0abf097373607e691624766d68:.codeoss/cde_restorepath [106ms]
2026-07-24 22:02:59.215 [info] > git show --textconv 01a2ff2ecc2c891daa78b1af1274c4a26deffb90:.codeoss/cde_restorepath [87ms]
2026-07-24 22:02:59.215 [info] > git show --textconv 3e6766d463111b0abf097373607e691624766d68:.cache/cloud-code/api-metadata/libraries.csv [68ms]
2026-07-24 22:02:59.215 [info] > git show --textconv 01a2ff2ecc2c891daa78b1af1274c4a26deffb90:.cache/cloud-code/api-metadata/libraries.csv [48ms]
2026-07-24 22:02:59.215 [info] > git show --textconv 3e6766d463111b0abf097373607e691624766d68:.bash_history [29ms]
2026-07-24 22:02:59.215 [info] > git show --textconv 01a2ff2ecc2c891daa78b1af1274c4a26deffb90:.bash_history [17ms]
2026-07-24 22:02:59.215 [info] > git show --textconv :README.md [6ms]
2026-07-24 22:02:59.237 [info] > git show --textconv 3e6766d463111b0abf097373607e691624766d68:.codeoss/data/logs/20260724T211354/exthost4/output_logging_20260724T215032/13-Gemini Code Assist.log [471ms]
2026-07-24 22:03:03.041 [info] > git check-ignore -v -z --stdin [2ms]
2026-07-24 22:03:03.208 [info] > git check-ignore -v -z --stdin [1ms]
2026-07-24 22:03:06.879 [info] > git config --get commit.template [12ms]
2026-07-24 22:03:06.880 [info] > git for-each-ref --format=%(refname)%00%(upstream:short)%00%(objectname)%00%(upstream:track)%00%(upstream:remotename)%00%(upstream:remoteref) refs/heads/main refs/remotes/main [2ms]
2026-07-24 22:03:06.906 [info] > git for-each-ref --sort -committerdate --format %(refname)%00%(objectname)%00%(*objectname) [2ms]
2026-07-24 22:03:06.907 [info] > git status -z -uall [15ms]
2026-07-24 22:03:11.923 [info] > git config --get commit.template [1ms]
2026-07-24 22:03:11.937 [info] > git for-each-ref --format=%(refname)%00%(upstream:short)%00%(objectname)%00%(upstream:track)%00%(upstream:remotename)%00%(upstream:remoteref) refs/heads/main refs/remotes/main [2ms]
2026-07-24 22:03:11.964 [info] > git status -z -uall [15ms]
2026-07-24 22:03:11.965 [info] > git for-each-ref --sort -committerdate --format %(refname)%00%(objectname)%00%(*objectname) [2ms]
2026-07-24 22:03:12.626 [info] > git add -A -- . [19ms]
2026-07-24 22:03:12.647 [info] > git -c user.useConfigOnly=true commit --quiet --allow-empty-message --file - [10ms]
2026-07-24 22:03:12.662 [info] > git config --get commit.template [1ms]
2026-07-24 22:03:12.681 [info] > git config --get commit.template [4ms]
2026-07-24 22:03:12.698 [info] > git for-each-ref --format=%(refname)%00%(upstream:short)%00%(objectname)%00%(upstream:track)%00%(upstream:remotename)%00%(upstream:remoteref) refs/heads/main refs/remotes/main [4ms]
2026-07-24 22:03:12.724 [info] > git status -z -uall [15ms]
2026-07-24 22:03:12.725 [info] > git for-each-ref --sort -committerdate --format %(refname)%00%(objectname)%00%(*objectname) [2ms]
2026-07-24 22:03:12.746 [info] > git blame --root --incremental d5eb00842f97dae82189649fb835865194393d33 -- README.md [7ms]
2026-07-24 22:03:12.881 [info] > git config --get commit.template [2ms]
2026-07-24 22:03:12.899 [info] > git for-each-ref --format=%(refname)%00%(upstream:short)%00%(objectname)%00%(upstream:track)%00%(upstream:remotename)%00%(upstream:remoteref) refs/heads/main refs/remotes/main [5ms]
2026-07-24 22:03:12.929 [info] > git status -z -uall [18ms]
2026-07-24 22:03:12.929 [info] > git for-each-ref --sort -committerdate --format %(refname)%00%(objectname)%00%(*objectname) [4ms]
2026-07-24 22:03:13.051 [info] > git log --format=%H%n%aN%n%aE%n%at%n%ct%n%P%n%D%n%B -z --shortstat --diff-merges=first-parent -n50 --skip=0 --topo-order --decorate=full --stdin [192ms]
2026-07-24 22:03:13.203 [info] > git check-ignore -v -z --stdin [4ms]
2026-07-24 22:03:14.916 [info] > git ls-tree -l 3e6766d463111b0abf097373607e691624766d68 -- .npm/_logs/2026-07-24T21_51_24_517Z-debug-0.log [13ms]
2026-07-24 22:03:14.916 [info] > git ls-tree -l 01a2ff2ecc2c891daa78b1af1274c4a26deffb90 -- .npm/_logs/2026-07-20T21_04_15_603Z-debug-0.log [21ms]
2026-07-24 22:03:14.920 [info] > git ls-tree -l 3e6766d463111b0abf097373607e691624766d68 -- .npm/_logs/2026-07-24T21_51_24_480Z-debug-0.log [36ms]
2026-07-24 22:03:14.920 [info] > git ls-tree -l 01a2ff2ecc2c891daa78b1af1274c4a26deffb90 -- .npm/_logs/2026-07-20T21_05_38_188Z-debug-0.log [50ms]
2026-07-24 22:03:14.920 [info] > git ls-tree -l 3e6766d463111b0abf097373607e691624766d68 -- .npm/_logs/2026-07-24T21_51_06_242Z-debug-0.log [62ms]
2026-07-24 22:03:14.920 [info] > git ls-tree -l 01a2ff2ecc2c891daa78b1af1274c4a26deffb90 -- .npm/_logs/2026-07-20T21_05_38_206Z-debug-0.log [75ms]
2026-07-24 22:03:14.921 [info] > git ls-tree -l 3e6766d463111b0abf097373607e691624766d68 -- .npm/_logs/2026-07-24T21_51_06_224Z-debug-0.log [88ms]
2026-07-24 22:03:14.921 [info] > git ls-tree -l 01a2ff2ecc2c891daa78b1af1274c4a26deffb90 -- .npm/_logs/2026-07-20T21_04_15_563Z-debug-0.log [101ms]
2026-07-24 22:03:14.921 [info] > git ls-tree -l 3e6766d463111b0abf097373607e691624766d68 -- .npm/_logs/2026-07-24T21_50_53_056Z-debug-0.log [113ms]
2026-07-24 22:03:14.921 [info] > git ls-tree -l 01a2ff2ecc2c891daa78b1af1274c4a26deffb90 -- .npm/_logs/2026-07-20T21_03_55_938Z-debug-0.log [125ms]
2026-07-24 22:03:14.922 [info] > git ls-tree -l 3e6766d463111b0abf097373607e691624766d68 -- .npm/_logs/2026-07-24T21_50_53_038Z-debug-0.log [139ms]
2026-07-24 22:03:14.922 [info] > git ls-tree -l 01a2ff2ecc2c891daa78b1af1274c4a26deffb90 -- .npm/_logs/2026-07-20T21_04_48_554Z-debug-0.log [151ms]
2026-07-24 22:03:14.923 [info] > git ls-tree -l 3e6766d463111b0abf097373607e691624766d68 -- .npm/_logs/2026-07-24T21_50_41_012Z-debug-0.log [164ms]
2026-07-24 22:03:14.923 [info] > git ls-tree -l 01a2ff2ecc2c891daa78b1af1274c4a26deffb90 -- .npm/_logs/2026-07-23T15_19_59_478Z-debug-0.log [177ms]
2026-07-24 22:03:14.924 [info] > git ls-tree -l 01a2ff2ecc2c891daa78b1af1274c4a26deffb90 -- .npm/_logs/2026-07-24T21_13_58_465Z-debug-0.log [190ms]
2026-07-24 22:03:14.924 [info] > git ls-tree -l 01a2ff2ecc2c891daa78b1af1274c4a26deffb90 -- .npm/_logs/2026-07-24T21_13_55_824Z-debug-0.log [206ms]
2026-07-24 22:03:14.924 [info] > git ls-tree -l 01a2ff2ecc2c891daa78b1af1274c4a26deffb90 -- .npm/_logs/2026-07-24T21_13_25_393Z-debug-0.log [215ms]
2026-07-24 22:03:14.924 [info] > git ls-tree -l 01a2ff2ecc2c891daa78b1af1274c4a26deffb90 -- .npm/_logs/2026-07-23T15_20_12_868Z-debug-0.log [223ms]
2026-07-24 22:03:14.924 [info] > git ls-tree -l 01a2ff2ecc2c891daa78b1af1274c4a26deffb90 -- .npm/_logs/2026-07-23T15_20_04_459Z-debug-0.log [231ms]
2026-07-24 22:03:14.925 [info] > git ls-tree -l 01a2ff2ecc2c891daa78b1af1274c4a26deffb90 -- .npm/_logs/2026-07-23T15_20_02_117Z-debug-0.log [244ms]
2026-07-24 22:03:14.925 [info] > git ls-tree -l 01a2ff2ecc2c891daa78b1af1274c4a26deffb90 -- .npm/_logs/2026-07-20T21_07_08_213Z-debug-0.log [256ms]
2026-07-24 22:03:14.925 [info] > git ls-tree -l 01a2ff2ecc2c891daa78b1af1274c4a26deffb90 -- .npm/_logs/2026-07-20T21_07_08_186Z-debug-0.log [269ms]
2026-07-24 22:03:14.925 [info] > git ls-tree -l 01a2ff2ecc2c891daa78b1af1274c4a26deffb90 -- .npm/_logs/2026-07-20T21_04_48_534Z-debug-0.log [281ms]
2026-07-24 22:03:14.926 [info] > git ls-tree -l 3e6766d463111b0abf097373607e691624766d68 -- .gemini/tmp/cleanskiier27/chats/session-2026-07-24T21-51-a2a-serv.jsonl [295ms]
2026-07-24 22:03:14.926 [info] > git ls-tree -l 3e6766d463111b0abf097373607e691624766d68 -- .gemini/tmp/cleanskiier27/chats/session-2026-07-24T21-50-a2a-serv.jsonl [306ms]
2026-07-24 22:03:14.926 [info] > git ls-tree -l 3e6766d463111b0abf097373607e691624766d68 -- .codeoss/data/logs/20260724T211354/remoteagent.log [319ms]
2026-07-24 22:03:14.926 [info] > git ls-tree -l 01a2ff2ecc2c891daa78b1af1274c4a26deffb90 -- .codeoss/data/logs/20260724T211354/remoteagent.log [331ms]
2026-07-24 22:03:14.926 [info] > git ls-tree -l 3e6766d463111b0abf097373607e691624766d68 -- .codeoss/data/logs/20260724T211354/exthost4/vscode.json-language-features/JSON Language Server.log [344ms]
2026-07-24 22:03:14.927 [info] > git ls-tree -l 3e6766d463111b0abf097373607e691624766d68 -- .codeoss/data/logs/20260724T211354/exthost4/vscode.github/GitHub.log [358ms]
2026-07-24 22:03:14.927 [info] > git ls-tree -l 3e6766d463111b0abf097373607e691624766d68 -- .codeoss/data/logs/20260724T211354/exthost4/vscode.github-authentication/GitHub Authentication.log [370ms]
2026-07-24 22:03:14.927 [info] > git ls-tree -l 3e6766d463111b0abf097373607e691624766d68 -- .codeoss/data/logs/20260724T211354/exthost4/vscode.git/Git.log [383ms]
2026-07-24 22:03:14.927 [info] > git ls-tree -l 3e6766d463111b0abf097373607e691624766d68 -- .codeoss/data/logs/20260724T211354/exthost4/remoteexthost.log [395ms]
2026-07-24 22:03:14.927 [info] > git ls-tree -l 3e6766d463111b0abf097373607e691624766d68 -- .codeoss/data/logs/20260724T211354/exthost4/remoteExtHostTelemetry.log [407ms]
2026-07-24 22:03:14.928 [info] > git ls-tree -l 3e6766d463111b0abf097373607e691624766d68 -- .codeoss/data/logs/20260724T211354/exthost4/output_logging_20260724T215032/9-Google Cloud CLI Installation.log [421ms]
2026-07-24 22:03:14.928 [info] > git ls-tree -l 3e6766d463111b0abf097373607e691624766d68 -- .codeoss/data/logs/20260724T211354/exthost4/output_logging_20260724T215032/8-EditorConfig.log [432ms]
2026-07-24 22:03:14.928 [info] > git ls-tree -l 3e6766d463111b0abf097373607e691624766d68 -- .codeoss/data/logs/20260724T211354/exthost4/output_logging_20260724T215032/7-Gemini CLI IDE Companion.log [447ms]
2026-07-24 22:03:14.928 [info] > git ls-tree -l 3e6766d463111b0abf097373607e691624766d68 -- .codeoss/data/logs/20260724T211354/exthost4/output_logging_20260724T215032/6-DataCloud Agent Skill Installer.log [460ms]
2026-07-24 22:03:14.929 [info] > git ls-tree -l 3e6766d463111b0abf097373607e691624766d68 -- .codeoss/data/logs/20260724T211354/exthost4/output_logging_20260724T215032/5-Visualization MCP.log [470ms]
2026-07-24 22:03:14.929 [info] > git ls-tree -l 3e6766d463111b0abf097373607e691624766d68 -- .codeoss/data/logs/20260724T211354/exthost4/output_logging_20260724T215032/4-MCP Audit Logs.log [480ms]
2026-07-24 22:03:14.929 [info] > git ls-tree -l 3e6766d463111b0abf097373607e691624766d68 -- .codeoss/data/logs/20260724T211354/exthost4/output_logging_20260724T215032/3-Notebook MCP.log [489ms]
2026-07-24 22:03:14.929 [info] > git ls-tree -l 3e6766d463111b0abf097373607e691624766d68 -- .codeoss/data/logs/20260724T211354/exthost4/output_logging_20260724T215032/2-Jupyter Server Console.log [500ms]
2026-07-24 22:03:14.930 [info] > git ls-tree -l 3e6766d463111b0abf097373607e691624766d68 -- .codeoss/data/logs/20260724T211354/exthost4/output_logging_20260724T215032/13-Gemini Code Assist.log [513ms]
2026-07-24 22:03:14.930 [info] > git ls-tree -l 3e6766d463111b0abf097373607e691624766d68 -- .codeoss/data/logs/20260724T211354/exthost4/output_logging_20260724T215032/12-Gemini Code Assist Agent.log [526ms]
2026-07-24 22:03:14.930 [info] > git ls-tree -l 3e6766d463111b0abf097373607e691624766d68 -- .codeoss/data/logs/20260724T211354/exthost4/output_logging_20260724T215032/11-Cloud Code Yaml Support.log [538ms]
2026-07-24 22:03:14.930 [info] > git ls-tree -l 3e6766d463111b0abf097373607e691624766d68 -- .codeoss/data/logs/20260724T211354/exthost4/output_logging_20260724T215032/10-Apigee.log [550ms]
2026-07-24 22:03:14.930 [info] > git ls-tree -l 3e6766d463111b0abf097373607e691624766d68 -- .codeoss/data/logs/20260724T211354/exthost4/output_logging_20260724T215032/1-Jupyter.log [563ms]
2026-07-24 22:03:14.931 [info] > git ls-tree -l 3e6766d463111b0abf097373607e691624766d68 -- .codeoss/data/logs/20260724T211354/exthost4/ms-python.python/Python.log [576ms]
2026-07-24 22:03:14.931 [info] > git ls-tree -l 3e6766d463111b0abf097373607e691624766d68 -- .codeoss/data/logs/20260724T211354/exthost4/ms-python.python/Python Language Server.log [588ms]
2026-07-24 22:03:14.931 [info] > git ls-tree -l 3e6766d463111b0abf097373607e691624766d68 -- .codeoss/data/logs/20260724T211354/exthost4/googlecloudtools.datacloud/Google Cloud Data Agent Kit.log [600ms]
2026-07-24 22:03:14.931 [info] > git ls-tree -l 3e6766d463111b0abf097373607e691624766d68 -- .codeoss/data/logs/20260724T211354/exthost2/vscode.git/Git.log [612ms]
2026-07-24 22:03:14.931 [info] > git ls-tree -l 01a2ff2ecc2c891daa78b1af1274c4a26deffb90 -- .codeoss/data/logs/20260724T211354/exthost2/vscode.git/Git.log [624ms]
2026-07-24 22:03:14.932 [info] > git ls-tree -l 3e6766d463111b0abf097373607e691624766d68 -- .codeoss/data/logs/20260724T211354/exthost2/remoteexthost.log [637ms]
2026-07-24 22:03:14.932 [info] > git ls-tree -l 01a2ff2ecc2c891daa78b1af1274c4a26deffb90 -- .codeoss/data/logs/20260724T211354/exthost2/remoteexthost.log [649ms]
2026-07-24 22:03:14.932 [info] > git ls-tree -l 3e6766d463111b0abf097373607e691624766d68 -- .codeoss/data/logs/20260724T211354/exthost2/output_logging_20260724T212057/3-EditorConfig.log [661ms]
2026-07-24 22:03:14.932 [info] > git ls-tree -l 01a2ff2ecc2c891daa78b1af1274c4a26deffb90 -- .codeoss/data/logs/20260724T211354/exthost2/output_logging_20260724T212057/3-EditorConfig.log [674ms]
2026-07-24 22:03:14.933 [info] > git ls-tree -l 3e6766d463111b0abf097373607e691624766d68 -- .codeoss/data/logs/20260724T211354/exthost2/googlecloudtools.datacloud/Google Cloud Data Agent Kit.log [687ms]
2026-07-24 22:03:14.933 [info] > git ls-tree -l 01a2ff2ecc2c891daa78b1af1274c4a26deffb90 -- .codeoss/data/logs/20260724T211354/exthost2/googlecloudtools.datacloud/Google Cloud Data Agent Kit.log [700ms]
2026-07-24 22:03:14.933 [info] > git ls-tree -l 3e6766d463111b0abf097373607e691624766d68 -- .codeoss/data/User/workspaceStorage/12d43996/vscode.lock [709ms]
2026-07-24 22:03:14.934 [info] > git ls-tree -l 01a2ff2ecc2c891daa78b1af1274c4a26deffb90 -- .codeoss/data/User/workspaceStorage/12d43996/vscode.lock [718ms]
2026-07-24 22:03:14.934 [info] > git ls-tree -l 3e6766d463111b0abf097373607e691624766d68 -- .codeoss/cde_restorepath [727ms]
2026-07-24 22:03:14.934 [info] > git ls-tree -l 01a2ff2ecc2c891daa78b1af1274c4a26deffb90 -- .codeoss/cde_restorepath [735ms]
2026-07-24 22:03:14.934 [info] > git ls-tree -l 3e6766d463111b0abf097373607e691624766d68 -- .cache/cloud-code/api-metadata/libraries.csv [742ms]
2026-07-24 22:03:14.935 [info] > git ls-tree -l 01a2ff2ecc2c891daa78b1af1274c4a26deffb90 -- .cache/cloud-code/api-metadata/libraries.csv [749ms]
2026-07-24 22:03:14.935 [info] > git ls-tree -l 3e6766d463111b0abf097373607e691624766d68 -- .bash_history [756ms]
2026-07-24 22:03:14.935 [info] > git ls-tree -l 01a2ff2ecc2c891daa78b1af1274c4a26deffb90 -- .bash_history [764ms]
2026-07-24 22:03:14.937 [info] > git ls-files --stage -- README.md [28ms]
2026-07-24 22:03:14.953 [info] > git cat-file -s 5280f307b668cef3a99bf1b4b1153b0bf95a9228 [4ms]
2026-07-24 22:03:15.740 [info] > git show --textconv 3e6766d463111b0abf097373607e691624766d68:.npm/_logs/2026-07-24T21_51_24_517Z-debug-0.log [671ms]
2026-07-24 22:03:15.740 [info] > git show --textconv 01a2ff2ecc2c891daa78b1af1274c4a26deffb90:.npm/_logs/2026-07-20T21_04_15_603Z-debug-0.log [663ms]
2026-07-24 22:03:15.740 [info] > git show --textconv 3e6766d463111b0abf097373607e691624766d68:.npm/_logs/2026-07-24T21_51_24_480Z-debug-0.log [649ms]
2026-07-24 22:03:15.740 [info] > git show --textconv 01a2ff2ecc2c891daa78b1af1274c4a26deffb90:.npm/_logs/2026-07-20T21_05_38_188Z-debug-0.log [638ms]
2026-07-24 22:03:15.740 [info] > git show --textconv 3e6766d463111b0abf097373607e691624766d68:.npm/_logs/2026-07-24T21_51_06_242Z-debug-0.log [630ms]
2026-07-24 22:03:15.740 [info] > git show --textconv 01a2ff2ecc2c891daa78b1af1274c4a26deffb90:.npm/_logs/2026-07-20T21_05_38_206Z-debug-0.log [620ms]
2026-07-24 22:03:15.740 [info] > git show --textconv 3e6766d463111b0abf097373607e691624766d68:.npm/_logs/2026-07-24T21_51_06_224Z-debug-0.log [610ms]
2026-07-24 22:03:15.740 [info] > git show --textconv 01a2ff2ecc2c891daa78b1af1274c4a26deffb90:.npm/_logs/2026-07-20T21_04_15_563Z-debug-0.log [601ms]
2026-07-24 22:03:15.741 [info] > git show --textconv 3e6766d463111b0abf097373607e691624766d68:.npm/_logs/2026-07-24T21_50_53_056Z-debug-0.log [592ms]
2026-07-24 22:03:15.741 [info] > git show --textconv 01a2ff2ecc2c891daa78b1af1274c4a26deffb90:.npm/_logs/2026-07-20T21_03_55_938Z-debug-0.log [586ms]
2026-07-24 22:03:15.741 [info] > git show --textconv 3e6766d463111b0abf097373607e691624766d68:.npm/_logs/2026-07-24T21_50_53_038Z-debug-0.log [578ms]
2026-07-24 22:03:15.741 [info] > git show --textconv 01a2ff2ecc2c891daa78b1af1274c4a26deffb90:.npm/_logs/2026-07-20T21_04_48_554Z-debug-0.log [570ms]
2026-07-24 22:03:15.741 [info] > git show --textconv 3e6766d463111b0abf097373607e691624766d68:.npm/_logs/2026-07-24T21_50_41_012Z-debug-0.log [561ms]
2026-07-24 22:03:15.741 [info] > git show --textconv 01a2ff2ecc2c891daa78b1af1274c4a26deffb90:.npm/_logs/2026-07-23T15_19_59_478Z-debug-0.log [553ms]
2026-07-24 22:03:15.741 [info] > git show --textconv 01a2ff2ecc2c891daa78b1af1274c4a26deffb90:.npm/_logs/2026-07-24T21_13_58_465Z-debug-0.log [546ms]
2026-07-24 22:03:15.741 [info] > git show --textconv 01a2ff2ecc2c891daa78b1af1274c4a26deffb90:.npm/_logs/2026-07-24T21_13_55_824Z-debug-0.log [537ms]
2026-07-24 22:03:15.741 [info] > git show --textconv 01a2ff2ecc2c891daa78b1af1274c4a26deffb90:.npm/_logs/2026-07-24T21_13_25_393Z-debug-0.log [528ms]
2026-07-24 22:03:15.741 [info] > git show --textconv 01a2ff2ecc2c891daa78b1af1274c4a26deffb90:.npm/_logs/2026-07-23T15_20_12_868Z-debug-0.log [519ms]
2026-07-24 22:03:15.741 [info] > git show --textconv 01a2ff2ecc2c891daa78b1af1274c4a26deffb90:.npm/_logs/2026-07-23T15_20_04_459Z-debug-0.log [511ms]
2026-07-24 22:03:15.741 [info] > git show --textconv 01a2ff2ecc2c891daa78b1af1274c4a26deffb90:.npm/_logs/2026-07-23T15_20_02_117Z-debug-0.log [502ms]
2026-07-24 22:03:15.741 [info] > git show --textconv 01a2ff2ecc2c891daa78b1af1274c4a26deffb90:.npm/_logs/2026-07-20T21_07_08_213Z-debug-0.log [493ms]
2026-07-24 22:03:15.741 [info] > git show --textconv 01a2ff2ecc2c891daa78b1af1274c4a26deffb90:.npm/_logs/2026-07-20T21_07_08_186Z-debug-0.log [485ms]
2026-07-24 22:03:15.741 [info] > git show --textconv 01a2ff2ecc2c891daa78b1af1274c4a26deffb90:.npm/_logs/2026-07-20T21_04_48_534Z-debug-0.log [477ms]
2026-07-24 22:03:15.741 [info] > git show --textconv 3e6766d463111b0abf097373607e691624766d68:.gemini/tmp/cleanskiier27/chats/session-2026-07-24T21-51-a2a-serv.jsonl [470ms]
2026-07-24 22:03:15.741 [info] > git show --textconv 3e6766d463111b0abf097373607e691624766d68:.gemini/tmp/cleanskiier27/chats/session-2026-07-24T21-50-a2a-serv.jsonl [459ms]
2026-07-24 22:03:15.741 [info] > git show --textconv 3e6766d463111b0abf097373607e691624766d68:.codeoss/data/logs/20260724T211354/remoteagent.log [447ms]
2026-07-24 22:03:15.741 [info] > git show --textconv 01a2ff2ecc2c891daa78b1af1274c4a26deffb90:.codeoss/data/logs/20260724T211354/remoteagent.log [434ms]
2026-07-24 22:03:15.741 [info] > git show --textconv 3e6766d463111b0abf097373607e691624766d68:.codeoss/data/logs/20260724T211354/exthost4/vscode.json-language-features/JSON Language Server.log [422ms]
2026-07-24 22:03:15.741 [info] > git show --textconv 3e6766d463111b0abf097373607e691624766d68:.codeoss/data/logs/20260724T211354/exthost4/vscode.github/GitHub.log [410ms]
2026-07-24 22:03:15.741 [info] > git show --textconv 3e6766d463111b0abf097373607e691624766d68:.codeoss/data/logs/20260724T211354/exthost4/vscode.github-authentication/GitHub Authentication.log [398ms]
2026-07-24 22:03:15.741 [info] > git show --textconv 3e6766d463111b0abf097373607e691624766d68:.codeoss/data/logs/20260724T211354/exthost4/vscode.git/Git.log [386ms]
2026-07-24 22:03:15.741 [info] > git show --textconv 3e6766d463111b0abf097373607e691624766d68:.codeoss/data/logs/20260724T211354/exthost4/remoteexthost.log [373ms]
2026-07-24 22:03:15.742 [info] > git show --textconv 3e6766d463111b0abf097373607e691624766d68:.codeoss/data/logs/20260724T211354/exthost4/remoteExtHostTelemetry.log [361ms]
2026-07-24 22:03:15.742 [info] > git show --textconv 3e6766d463111b0abf097373607e691624766d68:.codeoss/data/logs/20260724T211354/exthost4/output_logging_20260724T215032/9-Google Cloud CLI Installation.log [349ms]
2026-07-24 22:03:15.742 [info] > git show --textconv 3e6766d463111b0abf097373607e691624766d68:.codeoss/data/logs/20260724T211354/exthost4/output_logging_20260724T215032/8-EditorConfig.log [336ms]
2026-07-24 22:03:15.742 [info] > git show --textconv 3e6766d463111b0abf097373607e691624766d68:.codeoss/data/logs/20260724T211354/exthost4/output_logging_20260724T215032/7-Gemini CLI IDE Companion.log [323ms]
2026-07-24 22:03:15.742 [info] > git show --textconv 3e6766d463111b0abf097373607e691624766d68:.codeoss/data/logs/20260724T211354/exthost4/output_logging_20260724T215032/6-DataCloud Agent Skill Installer.log [310ms]
2026-07-24 22:03:15.742 [info] > git show --textconv 3e6766d463111b0abf097373607e691624766d68:.codeoss/data/logs/20260724T211354/exthost4/output_logging_20260724T215032/5-Visualization MCP.log [292ms]
2026-07-24 22:03:15.742 [info] > git show --textconv 3e6766d463111b0abf097373607e691624766d68:.codeoss/data/logs/20260724T211354/exthost4/output_logging_20260724T215032/4-MCP Audit Logs.log [279ms]
2026-07-24 22:03:15.742 [info] > git show --textconv 3e6766d463111b0abf097373607e691624766d68:.codeoss/data/logs/20260724T211354/exthost4/output_logging_20260724T215032/3-Notebook MCP.log [267ms]
2026-07-24 22:03:15.742 [info] > git show --textconv 3e6766d463111b0abf097373607e691624766d68:.codeoss/data/logs/20260724T211354/exthost4/output_logging_20260724T215032/2-Jupyter Server Console.log [254ms]
2026-07-24 22:03:15.742 [info] > git show --textconv 3e6766d463111b0abf097373607e691624766d68:.codeoss/data/logs/20260724T211354/exthost4/output_logging_20260724T215032/13-Gemini Code Assist.log [241ms]
2026-07-24 22:03:15.742 [info] > git show --textconv 3e6766d463111b0abf097373607e691624766d68:.codeoss/data/logs/20260724T211354/exthost4/output_logging_20260724T215032/12-Gemini Code Assist Agent.log [229ms]
2026-07-24 22:03:15.742 [info] > git show --textconv 3e6766d463111b0abf097373607e691624766d68:.codeoss/data/logs/20260724T211354/exthost4/output_logging_20260724T215032/11-Cloud Code Yaml Support.log [218ms]
2026-07-24 22:03:15.742 [info] > git show --textconv 3e6766d463111b0abf097373607e691624766d68:.codeoss/data/logs/20260724T211354/exthost4/output_logging_20260724T215032/10-Apigee.log [207ms]
2026-07-24 22:03:15.742 [info] > git show --textconv 3e6766d463111b0abf097373607e691624766d68:.codeoss/data/logs/20260724T211354/exthost4/output_logging_20260724T215032/1-Jupyter.log [197ms]
2026-07-24 22:03:15.742 [info] > git show --textconv 3e6766d463111b0abf097373607e691624766d68:.codeoss/data/logs/20260724T211354/exthost4/ms-python.python/Python.log [189ms]
2026-07-24 22:03:15.742 [info] > git show --textconv 3e6766d463111b0abf097373607e691624766d68:.codeoss/data/logs/20260724T211354/exthost4/ms-python.python/Python Language Server.log [181ms]
2026-07-24 22:03:15.742 [info] > git show --textconv 3e6766d463111b0abf097373607e691624766d68:.codeoss/data/logs/20260724T211354/exthost4/googlecloudtools.datacloud/Google Cloud Data Agent Kit.log [173ms]
2026-07-24 22:03:15.742 [info] > git show --textconv 3e6766d463111b0abf097373607e691624766d68:.codeoss/data/logs/20260724T211354/exthost2/vscode.git/Git.log [166ms]
2026-07-24 22:03:15.742 [info] > git show --textconv 01a2ff2ecc2c891daa78b1af1274c4a26deffb90:.codeoss/data/logs/20260724T211354/exthost2/vscode.git/Git.log [158ms]
2026-07-24 22:03:15.742 [info] > git show --textconv 3e6766d463111b0abf097373607e691624766d68:.codeoss/data/logs/20260724T211354/exthost2/remoteexthost.log [150ms]
2026-07-24 22:03:15.743 [info] > git show --textconv 01a2ff2ecc2c891daa78b1af1274c4a26deffb90:.codeoss/data/logs/20260724T211354/exthost2/remoteexthost.log [143ms]
2026-07-24 22:03:15.743 [info] > git show --textconv 3e6766d463111b0abf097373607e691624766d68:.codeoss/data/logs/20260724T211354/exthost2/output_logging_20260724T212057/3-EditorConfig.log [136ms]
2026-07-24 22:03:15.743 [info] > git show --textconv 01a2ff2ecc2c891daa78b1af1274c4a26deffb90:.codeoss/data/logs/20260724T211354/exthost2/output_logging_20260724T212057/3-EditorConfig.log [128ms]
2026-07-24 22:03:15.743 [info] > git show --textconv 3e6766d463111b0abf097373607e691624766d68:.codeoss/data/logs/20260724T211354/exthost2/googlecloudtools.datacloud/Google Cloud Data Agent Kit.log [121ms]
2026-07-24 22:03:15.743 [info] > git show --textconv 01a2ff2ecc2c891daa78b1af1274c4a26deffb90:.codeoss/data/logs/20260724T211354/exthost2/googlecloudtools.datacloud/Google Cloud Data Agent Kit.log [113ms]
2026-07-24 22:03:15.743 [info] > git show --textconv 3e6766d463111b0abf097373607e691624766d68:.codeoss/data/User/workspaceStorage/12d43996/vscode.lock [106ms]
2026-07-24 22:03:15.743 [info] > git show --textconv 01a2ff2ecc2c891daa78b1af1274c4a26deffb90:.codeoss/data/User/workspaceStorage/12d43996/vscode.lock [98ms]
2026-07-24 22:03:15.743 [info] > git show --textconv 3e6766d463111b0abf097373607e691624766d68:.codeoss/cde_restorepath [91ms]
2026-07-24 22:03:15.743 [info] > git show --textconv 01a2ff2ecc2c891daa78b1af1274c4a26deffb90:.codeoss/cde_restorepath [82ms]
2026-07-24 22:03:15.743 [info] > git show --textconv 3e6766d463111b0abf097373607e691624766d68:.cache/cloud-code/api-metadata/libraries.csv [70ms]
2026-07-24 22:03:15.743 [info] > git show --textconv 01a2ff2ecc2c891daa78b1af1274c4a26deffb90:.cache/cloud-code/api-metadata/libraries.csv [56ms]
2026-07-24 22:03:15.743 [info] > git show --textconv 3e6766d463111b0abf097373607e691624766d68:.bash_history [44ms]
2026-07-24 22:03:15.743 [info] > git show --textconv 01a2ff2ecc2c891daa78b1af1274c4a26deffb90:.bash_history [31ms]
2026-07-24 22:03:15.743 [info] > git show --textconv :README.md [12ms]
2026-07-24 22:03:16.989 [info] > git config --get commit.template [4ms]
2026-07-24 22:03:17.004 [info] > git for-each-ref --format=%(refname)%00%(upstream:short)%00%(objectname)%00%(upstream:track)%00%(upstream:remotename)%00%(upstream:remoteref) refs/heads/main refs/remotes/main [2ms]
2026-07-24 22:03:17.033 [info] > git for-each-ref --sort -committerdate --format %(refname)%00%(objectname)%00%(*objectname) [2ms]
2026-07-24 22:03:17.035 [info] > git status -z -uall [17ms]
2026-07-24 22:03:17.502 [info] > git check-ignore -v -z --stdin [2ms]
2026-07-24 22:03:22.109 [info] > git config --get commit.template [8ms]
2026-07-24 22:03:22.147 [info] > git for-each-ref --format=%(refname)%00%(upstream:short)%00%(objectname)%00%(upstream:track)%00%(upstream:remotename)%00%(upstream:remoteref) refs/heads/main refs/remotes/main [3ms]
2026-07-24 22:03:22.220 [info] > git for-each-ref --sort -committerdate --format %(refname)%00%(objectname)%00%(*objectname) [2ms]
2026-07-24 22:03:22.244 [info] > git status -z -uall [67ms]
2026-07-24 22:03:22.720 [info] > git check-ignore -v -z --stdin [5ms]
2026-07-24 22:03:22.965 [info] > git check-ignore -v -z --stdin [3ms]
2026-07-24 22:03:23.734 [info] > git add -A -- . [25ms]
2026-07-24 22:03:23.782 [info] > git -c user.useConfigOnly=true commit --quiet --allow-empty-message --file - [36ms]
2026-07-24 22:03:23.796 [info] > git config --get commit.template [2ms]
2026-07-24 22:03:23.812 [info] > git config --get commit.template [2ms]
2026-07-24 22:03:23.823 [info] > git for-each-ref --format=%(refname)%00%(upstream:short)%00%(objectname)%00%(upstream:track)%00%(upstream:remotename)%00%(upstream:remoteref) refs/heads/main refs/remotes/main [2ms]
2026-07-24 22:03:23.853 [info] > git status -z -uall [16ms]
2026-07-24 22:03:23.854 [info] > git for-each-ref --sort -committerdate --format %(refname)%00%(objectname)%00%(*objectname) [3ms]
2026-07-24 22:03:23.871 [info] > git blame --root --incremental bc83bf92f34e07010832c18a0a63a6855b423b6f -- README.md [5ms]
2026-07-24 22:03:24.003 [info] > git config --get commit.template [3ms]
2026-07-24 22:03:24.016 [info] > git for-each-ref --format=%(refname)%00%(upstream:short)%00%(objectname)%00%(upstream:track)%00%(upstream:remotename)%00%(upstream:remoteref) refs/heads/main refs/remotes/main [2ms]
2026-07-24 22:03:24.042 [info] > git for-each-ref --sort -committerdate --format %(refname)%00%(objectname)%00%(*objectname) [3ms]
2026-07-24 22:03:24.046 [info] > git status -z -uall [18ms]
2026-07-24 22:03:24.172 [info] > git log --format=%H%n%aN%n%aE%n%at%n%ct%n%P%n%D%n%B -z --shortstat --diff-merges=first-parent -n50 --skip=0 --topo-order --decorate=full --stdin [197ms]
2026-07-24 22:03:24.335 [info] > git check-ignore -v -z --stdin [1ms]
2026-07-24 22:03:26.126 [info] > git ls-tree -l 3e6766d463111b0abf097373607e691624766d68 -- .npm/_logs/2026-07-24T21_51_24_517Z-debug-0.log [16ms]
2026-07-24 22:03:26.127 [info] > git ls-tree -l 01a2ff2ecc2c891daa78b1af1274c4a26deffb90 -- .npm/_logs/2026-07-20T21_04_15_603Z-debug-0.log [25ms]
2026-07-24 22:03:26.127 [info] > git ls-tree -l 3e6766d463111b0abf097373607e691624766d68 -- .npm/_logs/2026-07-24T21_51_24_480Z-debug-0.log [35ms]
2026-07-24 22:03:26.127 [info] > git ls-tree -l 01a2ff2ecc2c891daa78b1af1274c4a26deffb90 -- .npm/_logs/2026-07-20T21_05_38_188Z-debug-0.log [46ms]
2026-07-24 22:03:26.127 [info] > git ls-tree -l 3e6766d463111b0abf097373607e691624766d68 -- .npm/_logs/2026-07-24T21_51_06_242Z-debug-0.log [54ms]
2026-07-24 22:03:26.128 [info] > git ls-tree -l 01a2ff2ecc2c891daa78b1af1274c4a26deffb90 -- .npm/_logs/2026-07-20T21_05_38_206Z-debug-0.log [62ms]
2026-07-24 22:03:26.128 [info] > git ls-tree -l 3e6766d463111b0abf097373607e691624766d68 -- .npm/_logs/2026-07-24T21_51_06_224Z-debug-0.log [69ms]
2026-07-24 22:03:26.128 [info] > git ls-tree -l 01a2ff2ecc2c891daa78b1af1274c4a26deffb90 -- .npm/_logs/2026-07-20T21_04_15_563Z-debug-0.log [77ms]
2026-07-24 22:03:26.128 [info] > git ls-tree -l 3e6766d463111b0abf097373607e691624766d68 -- .npm/_logs/2026-07-24T21_50_53_056Z-debug-0.log [84ms]
2026-07-24 22:03:26.128 [info] > git ls-tree -l 01a2ff2ecc2c891daa78b1af1274c4a26deffb90 -- .npm/_logs/2026-07-20T21_03_55_938Z-debug-0.log [92ms]
2026-07-24 22:03:26.128 [info] > git ls-tree -l 3e6766d463111b0abf097373607e691624766d68 -- .npm/_logs/2026-07-24T21_50_53_038Z-debug-0.log [103ms]
2026-07-24 22:03:26.129 [info] > git ls-tree -l 01a2ff2ecc2c891daa78b1af1274c4a26deffb90 -- .npm/_logs/2026-07-20T21_04_48_554Z-debug-0.log [119ms]
2026-07-24 22:03:26.129 [info] > git ls-tree -l 3e6766d463111b0abf097373607e691624766d68 -- .npm/_logs/2026-07-24T21_50_41_012Z-debug-0.log [132ms]
2026-07-24 22:03:26.129 [info] > git ls-tree -l 01a2ff2ecc2c891daa78b1af1274c4a26deffb90 -- .npm/_logs/2026-07-23T15_19_59_478Z-debug-0.log [144ms]
2026-07-24 22:03:26.129 [info] > git ls-tree -l 01a2ff2ecc2c891daa78b1af1274c4a26deffb90 -- .npm/_logs/2026-07-24T21_13_58_465Z-debug-0.log [157ms]
2026-07-24 22:03:26.129 [info] > git ls-tree -l 01a2ff2ecc2c891daa78b1af1274c4a26deffb90 -- .npm/_logs/2026-07-24T21_13_55_824Z-debug-0.log [170ms]
2026-07-24 22:03:26.129 [info] > git ls-tree -l 01a2ff2ecc2c891daa78b1af1274c4a26deffb90 -- .npm/_logs/2026-07-24T21_13_25_393Z-debug-0.log [183ms]
2026-07-24 22:03:26.130 [info] > git ls-tree -l 01a2ff2ecc2c891daa78b1af1274c4a26deffb90 -- .npm/_logs/2026-07-23T15_20_12_868Z-debug-0.log [197ms]
2026-07-24 22:03:26.130 [info] > git ls-tree -l 01a2ff2ecc2c891daa78b1af1274c4a26deffb90 -- .npm/_logs/2026-07-23T15_20_04_459Z-debug-0.log [210ms]
2026-07-24 22:03:26.130 [info] > git ls-tree -l 01a2ff2ecc2c891daa78b1af1274c4a26deffb90 -- .npm/_logs/2026-07-23T15_20_02_117Z-debug-0.log [224ms]
2026-07-24 22:03:26.130 [info] > git ls-tree -l 01a2ff2ecc2c891daa78b1af1274c4a26deffb90 -- .npm/_logs/2026-07-20T21_07_08_213Z-debug-0.log [236ms]
2026-07-24 22:03:26.130 [info] > git ls-tree -l 01a2ff2ecc2c891daa78b1af1274c4a26deffb90 -- .npm/_logs/2026-07-20T21_07_08_186Z-debug-0.log [249ms]
2026-07-24 22:03:26.130 [info] > git ls-tree -l 01a2ff2ecc2c891daa78b1af1274c4a26deffb90 -- .npm/_logs/2026-07-20T21_04_48_534Z-debug-0.log [262ms]
2026-07-24 22:03:26.131 [info] > git ls-tree -l 3e6766d463111b0abf097373607e691624766d68 -- .gemini/tmp/cleanskiier27/chats/session-2026-07-24T21-51-a2a-serv.jsonl [274ms]
2026-07-24 22:03:26.131 [info] > git ls-tree -l 3e6766d463111b0abf097373607e691624766d68 -- .gemini/tmp/cleanskiier27/chats/session-2026-07-24T21-50-a2a-serv.jsonl [288ms]
2026-07-24 22:03:26.131 [info] > git ls-tree -l 3e6766d463111b0abf097373607e691624766d68 -- .codeoss/data/logs/20260724T211354/remoteagent.log [301ms]
2026-07-24 22:03:26.131 [info] > git ls-tree -l 01a2ff2ecc2c891daa78b1af1274c4a26deffb90 -- .codeoss/data/logs/20260724T211354/remoteagent.log [314ms]
2026-07-24 22:03:26.131 [info] > git ls-tree -l 3e6766d463111b0abf097373607e691624766d68 -- .codeoss/data/logs/20260724T211354/exthost4/vscode.json-language-features/JSON Language Server.log [327ms]
2026-07-24 22:03:26.131 [info] > git ls-tree -l 3e6766d463111b0abf097373607e691624766d68 -- .codeoss/data/logs/20260724T211354/exthost4/vscode.github/GitHub.log [339ms]
2026-07-24 22:03:26.132 [info] > git ls-tree -l 3e6766d463111b0abf097373607e691624766d68 -- .codeoss/data/logs/20260724T211354/exthost4/vscode.github-authentication/GitHub Authentication.log [353ms]
2026-07-24 22:03:26.132 [info] > git ls-tree -l 3e6766d463111b0abf097373607e691624766d68 -- .codeoss/data/logs/20260724T211354/exthost4/vscode.git/Git.log [366ms]
2026-07-24 22:03:26.132 [info] > git ls-tree -l 3e6766d463111b0abf097373607e691624766d68 -- .codeoss/data/logs/20260724T211354/exthost4/remoteexthost.log [378ms]
2026-07-24 22:03:26.132 [info] > git ls-tree -l 3e6766d463111b0abf097373607e691624766d68 -- .codeoss/data/logs/20260724T211354/exthost4/remoteExtHostTelemetry.log [390ms]
2026-07-24 22:03:26.132 [info] > git ls-tree -l 3e6766d463111b0abf097373607e691624766d68 -- .codeoss/data/logs/20260724T211354/exthost4/output_logging_20260724T215032/9-Google Cloud CLI Installation.log [404ms]
2026-07-24 22:03:26.132 [info] > git ls-tree -l 3e6766d463111b0abf097373607e691624766d68 -- .codeoss/data/logs/20260724T211354/exthost4/output_logging_20260724T215032/8-EditorConfig.log [416ms]
2026-07-24 22:03:26.133 [info] > git ls-tree -l 3e6766d463111b0abf097373607e691624766d68 -- .codeoss/data/logs/20260724T211354/exthost4/output_logging_20260724T215032/7-Gemini CLI IDE Companion.log [430ms]
2026-07-24 22:03:26.133 [info] > git ls-tree -l 3e6766d463111b0abf097373607e691624766d68 -- .codeoss/data/logs/20260724T211354/exthost4/output_logging_20260724T215032/6-DataCloud Agent Skill Installer.log [445ms]
2026-07-24 22:03:26.133 [info] > git ls-tree -l 3e6766d463111b0abf097373607e691624766d68 -- .codeoss/data/logs/20260724T211354/exthost4/output_logging_20260724T215032/5-Visualization MCP.log [459ms]
2026-07-24 22:03:26.133 [info] > git ls-tree -l 3e6766d463111b0abf097373607e691624766d68 -- .codeoss/data/logs/20260724T211354/exthost4/output_logging_20260724T215032/4-MCP Audit Logs.log [471ms]
2026-07-24 22:03:26.133 [info] > git ls-tree -l 3e6766d463111b0abf097373607e691624766d68 -- .codeoss/data/logs/20260724T211354/exthost4/output_logging_20260724T215032/3-Notebook MCP.log [484ms]
2026-07-24 22:03:26.133 [info] > git ls-tree -l 3e6766d463111b0abf097373607e691624766d68 -- .codeoss/data/logs/20260724T211354/exthost4/output_logging_20260724T215032/2-Jupyter Server Console.log [497ms]
2026-07-24 22:03:26.134 [info] > git ls-tree -l 3e6766d463111b0abf097373607e691624766d68 -- .codeoss/data/logs/20260724T211354/exthost4/output_logging_20260724T215032/13-Gemini Code Assist.log [511ms]
2026-07-24 22:03:26.134 [info] > git ls-tree -l 3e6766d463111b0abf097373607e691624766d68 -- .codeoss/data/logs/20260724T211354/exthost4/output_logging_20260724T215032/12-Gemini Code Assist Agent.log [523ms]
2026-07-24 22:03:26.134 [info] > git ls-tree -l 3e6766d463111b0abf097373607e691624766d68 -- .codeoss/data/logs/20260724T211354/exthost4/output_logging_20260724T215032/11-Cloud Code Yaml Support.log [535ms]
2026-07-24 22:03:26.134 [info] > git ls-tree -l 3e6766d463111b0abf097373607e691624766d68 -- .codeoss/data/logs/20260724T211354/exthost4/output_logging_20260724T215032/10-Apigee.log [548ms]
2026-07-24 22:03:26.134 [info] > git ls-tree -l 3e6766d463111b0abf097373607e691624766d68 -- .codeoss/data/logs/20260724T211354/exthost4/output_logging_20260724T215032/1-Jupyter.log [560ms]
2026-07-24 22:03:26.134 [info] > git ls-tree -l 3e6766d463111b0abf097373607e691624766d68 -- .codeoss/data/logs/20260724T211354/exthost4/ms-python.python/Python.log [572ms]
2026-07-24 22:03:26.135 [info] > git ls-tree -l 3e6766d463111b0abf097373607e691624766d68 -- .codeoss/data/logs/20260724T211354/exthost4/ms-python.python/Python Language Server.log [585ms]
2026-07-24 22:03:26.135 [info] > git ls-tree -l 3e6766d463111b0abf097373607e691624766d68 -- .codeoss/data/logs/20260724T211354/exthost4/googlecloudtools.datacloud/Google Cloud Data Agent Kit.log [598ms]
2026-07-24 22:03:26.135 [info] > git ls-tree -l 3e6766d463111b0abf097373607e691624766d68 -- .codeoss/data/logs/20260724T211354/exthost2/vscode.git/Git.log [610ms]
2026-07-24 22:03:26.135 [info] > git ls-tree -l 01a2ff2ecc2c891daa78b1af1274c4a26deffb90 -- .codeoss/data/logs/20260724T211354/exthost2/vscode.git/Git.log [623ms]
2026-07-24 22:03:26.136 [info] > git ls-tree -l 3e6766d463111b0abf097373607e691624766d68 -- .codeoss/data/logs/20260724T211354/exthost2/remoteexthost.log [636ms]
2026-07-24 22:03:26.136 [info] > git ls-tree -l 01a2ff2ecc2c891daa78b1af1274c4a26deffb90 -- .codeoss/data/logs/20260724T211354/exthost2/remoteexthost.log [649ms]
2026-07-24 22:03:26.137 [info] > git ls-tree -l 3e6766d463111b0abf097373607e691624766d68 -- .codeoss/data/logs/20260724T211354/exthost2/output_logging_20260724T212057/3-EditorConfig.log [663ms]
2026-07-24 22:03:26.137 [info] > git ls-tree -l 01a2ff2ecc2c891daa78b1af1274c4a26deffb90 -- .codeoss/data/logs/20260724T211354/exthost2/output_logging_20260724T212057/3-EditorConfig.log [675ms]
2026-07-24 22:03:26.137 [info] > git ls-tree -l 3e6766d463111b0abf097373607e691624766d68 -- .codeoss/data/logs/20260724T211354/exthost2/googlecloudtools.datacloud/Google Cloud Data Agent Kit.log [688ms]
2026-07-24 22:03:26.137 [info] > git ls-tree -l 01a2ff2ecc2c891daa78b1af1274c4a26deffb90 -- .codeoss/data/logs/20260724T211354/exthost2/googlecloudtools.datacloud/Google Cloud Data Agent Kit.log [701ms]
2026-07-24 22:03:26.137 [info] > git ls-tree -l 3e6766d463111b0abf097373607e691624766d68 -- .codeoss/data/User/workspaceStorage/12d43996/vscode.lock [713ms]
2026-07-24 22:03:26.138 [info] > git ls-tree -l 01a2ff2ecc2c891daa78b1af1274c4a26deffb90 -- .codeoss/data/User/workspaceStorage/12d43996/vscode.lock [725ms]
2026-07-24 22:03:26.138 [info] > git ls-tree -l 3e6766d463111b0abf097373607e691624766d68 -- .codeoss/cde_restorepath [739ms]
2026-07-24 22:03:26.138 [info] > git ls-tree -l 01a2ff2ecc2c891daa78b1af1274c4a26deffb90 -- .codeoss/cde_restorepath [751ms]
2026-07-24 22:03:26.138 [info] > git ls-tree -l 3e6766d463111b0abf097373607e691624766d68 -- .cache/cloud-code/api-metadata/libraries.csv [764ms]
2026-07-24 22:03:26.138 [info] > git ls-tree -l 01a2ff2ecc2c891daa78b1af1274c4a26deffb90 -- .cache/cloud-code/api-metadata/libraries.csv [776ms]
2026-07-24 22:03:26.139 [info] > git ls-tree -l 3e6766d463111b0abf097373607e691624766d68 -- .bash_history [790ms]
2026-07-24 22:03:26.139 [info] > git ls-tree -l 01a2ff2ecc2c891daa78b1af1274c4a26deffb90 -- .bash_history [803ms]
2026-07-24 22:03:26.143 [info] > git ls-files --stage -- README.md [25ms]
2026-07-24 22:03:26.156 [info] > git cat-file -s 5280f307b668cef3a99bf1b4b1153b0bf95a9228 [2ms]
2026-07-24 22:03:27.051 [info] > git show --textconv 3e6766d463111b0abf097373607e691624766d68:.npm/_logs/2026-07-24T21_51_24_517Z-debug-0.log [782ms]
2026-07-24 22:03:27.051 [info] > git show --textconv 01a2ff2ecc2c891daa78b1af1274c4a26deffb90:.npm/_logs/2026-07-20T21_04_15_603Z-debug-0.log [771ms]
2026-07-24 22:03:27.051 [info] > git show --textconv 3e6766d463111b0abf097373607e691624766d68:.npm/_logs/2026-07-24T21_51_24_480Z-debug-0.log [758ms]
2026-07-24 22:03:27.051 [info] > git show --textconv 01a2ff2ecc2c891daa78b1af1274c4a26deffb90:.npm/_logs/2026-07-20T21_05_38_188Z-debug-0.log [746ms]
2026-07-24 22:03:27.051 [info] > git show --textconv 3e6766d463111b0abf097373607e691624766d68:.npm/_logs/2026-07-24T21_51_06_242Z-debug-0.log [734ms]
2026-07-24 22:03:27.051 [info] > git show --textconv 01a2ff2ecc2c891daa78b1af1274c4a26deffb90:.npm/_logs/2026-07-20T21_05_38_206Z-debug-0.log [720ms]
2026-07-24 22:03:27.051 [info] > git show --textconv 3e6766d463111b0abf097373607e691624766d68:.npm/_logs/2026-07-24T21_51_06_224Z-debug-0.log [707ms]
2026-07-24 22:03:27.051 [info] > git show --textconv 01a2ff2ecc2c891daa78b1af1274c4a26deffb90:.npm/_logs/2026-07-20T21_04_15_563Z-debug-0.log [695ms]
2026-07-24 22:03:27.051 [info] > git show --textconv 3e6766d463111b0abf097373607e691624766d68:.npm/_logs/2026-07-24T21_50_53_056Z-debug-0.log [682ms]
2026-07-24 22:03:27.051 [info] > git show --textconv 01a2ff2ecc2c891daa78b1af1274c4a26deffb90:.npm/_logs/2026-07-20T21_03_55_938Z-debug-0.log [669ms]
2026-07-24 22:03:27.051 [info] > git show --textconv 3e6766d463111b0abf097373607e691624766d68:.npm/_logs/2026-07-24T21_50_53_038Z-debug-0.log [656ms]
2026-07-24 22:03:27.051 [info] > git show --textconv 01a2ff2ecc2c891daa78b1af1274c4a26deffb90:.npm/_logs/2026-07-20T21_04_48_554Z-debug-0.log [644ms]
2026-07-24 22:03:27.051 [info] > git show --textconv 3e6766d463111b0abf097373607e691624766d68:.npm/_logs/2026-07-24T21_50_41_012Z-debug-0.log [631ms]
2026-07-24 22:03:27.051 [info] > git show --textconv 01a2ff2ecc2c891daa78b1af1274c4a26deffb90:.npm/_logs/2026-07-23T15_19_59_478Z-debug-0.log [619ms]
2026-07-24 22:03:27.051 [info] > git show --textconv 01a2ff2ecc2c891daa78b1af1274c4a26deffb90:.npm/_logs/2026-07-24T21_13_58_465Z-debug-0.log [606ms]
2026-07-24 22:03:27.051 [info] > git show --textconv 01a2ff2ecc2c891daa78b1af1274c4a26deffb90:.npm/_logs/2026-07-24T21_13_55_824Z-debug-0.log [593ms]
2026-07-24 22:03:27.051 [info] > git show --textconv 01a2ff2ecc2c891daa78b1af1274c4a26deffb90:.npm/_logs/2026-07-24T21_13_25_393Z-debug-0.log [581ms]
2026-07-24 22:03:27.051 [info] > git show --textconv 01a2ff2ecc2c891daa78b1af1274c4a26deffb90:.npm/_logs/2026-07-23T15_20_12_868Z-debug-0.log [568ms]
2026-07-24 22:03:27.051 [info] > git show --textconv 01a2ff2ecc2c891daa78b1af1274c4a26deffb90:.npm/_logs/2026-07-23T15_20_04_459Z-debug-0.log [555ms]
2026-07-24 22:03:27.051 [info] > git show --textconv 01a2ff2ecc2c891daa78b1af1274c4a26deffb90:.npm/_logs/2026-07-23T15_20_02_117Z-debug-0.log [543ms]
2026-07-24 22:03:27.051 [info] > git show --textconv 01a2ff2ecc2c891daa78b1af1274c4a26deffb90:.npm/_logs/2026-07-20T21_07_08_213Z-debug-0.log [530ms]
2026-07-24 22:03:27.051 [info] > git show --textconv 01a2ff2ecc2c891daa78b1af1274c4a26deffb90:.npm/_logs/2026-07-20T21_07_08_186Z-debug-0.log [517ms]
2026-07-24 22:03:27.051 [info] > git show --textconv 01a2ff2ecc2c891daa78b1af1274c4a26deffb90:.npm/_logs/2026-07-20T21_04_48_534Z-debug-0.log [507ms]
2026-07-24 22:03:27.051 [info] > git show --textconv 3e6766d463111b0abf097373607e691624766d68:.gemini/tmp/cleanskiier27/chats/session-2026-07-24T21-51-a2a-serv.jsonl [498ms]
2026-07-24 22:03:27.051 [info] > git show --textconv 3e6766d463111b0abf097373607e691624766d68:.gemini/tmp/cleanskiier27/chats/session-2026-07-24T21-50-a2a-serv.jsonl [487ms]
2026-07-24 22:03:27.052 [info] > git show --textconv 3e6766d463111b0abf097373607e691624766d68:.codeoss/data/logs/20260724T211354/remoteagent.log [475ms]
2026-07-24 22:03:27.052 [info] > git show --textconv 01a2ff2ecc2c891daa78b1af1274c4a26deffb90:.codeoss/data/logs/20260724T211354/remoteagent.log [464ms]
2026-07-24 22:03:27.052 [info] > git show --textconv 3e6766d463111b0abf097373607e691624766d68:.codeoss/data/logs/20260724T211354/exthost4/vscode.json-language-features/JSON Language Server.log [452ms]
2026-07-24 22:03:27.052 [info] > git show --textconv 3e6766d463111b0abf097373607e691624766d68:.codeoss/data/logs/20260724T211354/exthost4/vscode.github/GitHub.log [440ms]
2026-07-24 22:03:27.052 [info] > git show --textconv 3e6766d463111b0abf097373607e691624766d68:.codeoss/data/logs/20260724T211354/exthost4/vscode.github-authentication/GitHub Authentication.log [428ms]
2026-07-24 22:03:27.052 [info] > git show --textconv 3e6766d463111b0abf097373607e691624766d68:.codeoss/data/logs/20260724T211354/exthost4/vscode.git/Git.log [415ms]
2026-07-24 22:03:27.052 [info] > git show --textconv 3e6766d463111b0abf097373607e691624766d68:.codeoss/data/logs/20260724T211354/exthost4/remoteexthost.log [404ms]
2026-07-24 22:03:27.052 [info] > git show --textconv 3e6766d463111b0abf097373607e691624766d68:.codeoss/data/logs/20260724T211354/exthost4/remoteExtHostTelemetry.log [392ms]
2026-07-24 22:03:27.052 [info] > git show --textconv 3e6766d463111b0abf097373607e691624766d68:.codeoss/data/logs/20260724T211354/exthost4/output_logging_20260724T215032/9-Google Cloud CLI Installation.log [380ms]
2026-07-24 22:03:27.052 [info] > git show --textconv 3e6766d463111b0abf097373607e691624766d68:.codeoss/data/logs/20260724T211354/exthost4/output_logging_20260724T215032/8-EditorConfig.log [367ms]
2026-07-24 22:03:27.052 [info] > git show --textconv 3e6766d463111b0abf097373607e691624766d68:.codeoss/data/logs/20260724T211354/exthost4/output_logging_20260724T215032/7-Gemini CLI IDE Companion.log [355ms]
2026-07-24 22:03:27.052 [info] > git show --textconv 3e6766d463111b0abf097373607e691624766d68:.codeoss/data/logs/20260724T211354/exthost4/output_logging_20260724T215032/6-DataCloud Agent Skill Installer.log [342ms]
2026-07-24 22:03:27.052 [info] > git show --textconv 3e6766d463111b0abf097373607e691624766d68:.codeoss/data/logs/20260724T211354/exthost4/output_logging_20260724T215032/5-Visualization MCP.log [325ms]
2026-07-24 22:03:27.052 [info] > git show --textconv 3e6766d463111b0abf097373607e691624766d68:.codeoss/data/logs/20260724T211354/exthost4/output_logging_20260724T215032/4-MCP Audit Logs.log [312ms]
2026-07-24 22:03:27.052 [info] > git show --textconv 3e6766d463111b0abf097373607e691624766d68:.codeoss/data/logs/20260724T211354/exthost4/output_logging_20260724T215032/3-Notebook MCP.log [301ms]
2026-07-24 22:03:27.052 [info] > git show --textconv 3e6766d463111b0abf097373607e691624766d68:.codeoss/data/logs/20260724T211354/exthost4/output_logging_20260724T215032/2-Jupyter Server Console.log [291ms]
2026-07-24 22:03:27.052 [info] > git show --textconv 3e6766d463111b0abf097373607e691624766d68:.codeoss/data/logs/20260724T211354/exthost4/output_logging_20260724T215032/13-Gemini Code Assist.log [279ms]
2026-07-24 22:03:27.052 [info] > git show --textconv 3e6766d463111b0abf097373607e691624766d68:.codeoss/data/logs/20260724T211354/exthost4/output_logging_20260724T215032/12-Gemini Code Assist Agent.log [266ms]
2026-07-24 22:03:27.052 [info] > git show --textconv 3e6766d463111b0abf097373607e691624766d68:.codeoss/data/logs/20260724T211354/exthost4/output_logging_20260724T215032/11-Cloud Code Yaml Support.log [254ms]
2026-07-24 22:03:27.052 [info] > git show --textconv 3e6766d463111b0abf097373607e691624766d68:.codeoss/data/logs/20260724T211354/exthost4/output_logging_20260724T215032/10-Apigee.log [242ms]
2026-07-24 22:03:27.052 [info] > git show --textconv 3e6766d463111b0abf097373607e691624766d68:.codeoss/data/logs/20260724T211354/exthost4/output_logging_20260724T215032/1-Jupyter.log [229ms]
2026-07-24 22:03:27.052 [info] > git show --textconv 3e6766d463111b0abf097373607e691624766d68:.codeoss/data/logs/20260724T211354/exthost4/ms-python.python/Python.log [215ms]
2026-07-24 22:03:27.052 [info] > git show --textconv 3e6766d463111b0abf097373607e691624766d68:.codeoss/data/logs/20260724T211354/exthost4/ms-python.python/Python Language Server.log [205ms]
2026-07-24 22:03:27.052 [info] > git show --textconv 3e6766d463111b0abf097373607e691624766d68:.codeoss/data/logs/20260724T211354/exthost4/googlecloudtools.datacloud/Google Cloud Data Agent Kit.log [195ms]
2026-07-24 22:03:27.053 [info] > git show --textconv 3e6766d463111b0abf097373607e691624766d68:.codeoss/data/logs/20260724T211354/exthost2/vscode.git/Git.log [188ms]
2026-07-24 22:03:27.053 [info] > git show --textconv 01a2ff2ecc2c891daa78b1af1274c4a26deffb90:.codeoss/data/logs/20260724T211354/exthost2/vscode.git/Git.log [181ms]
2026-07-24 22:03:27.053 [info] > git show --textconv 3e6766d463111b0abf097373607e691624766d68:.codeoss/data/logs/20260724T211354/exthost2/remoteexthost.log [174ms]
2026-07-24 22:03:27.053 [info] > git show --textconv 01a2ff2ecc2c891daa78b1af1274c4a26deffb90:.codeoss/data/logs/20260724T211354/exthost2/remoteexthost.log [167ms]
2026-07-24 22:03:27.053 [info] > git show --textconv 3e6766d463111b0abf097373607e691624766d68:.codeoss/data/logs/20260724T211354/exthost2/output_logging_20260724T212057/3-EditorConfig.log [160ms]
2026-07-24 22:03:27.053 [info] > git show --textconv 01a2ff2ecc2c891daa78b1af1274c4a26deffb90:.codeoss/data/logs/20260724T211354/exthost2/output_logging_20260724T212057/3-EditorConfig.log [154ms]
2026-07-24 22:03:27.053 [info] > git show --textconv 3e6766d463111b0abf097373607e691624766d68:.codeoss/data/logs/20260724T211354/exthost2/googlecloudtools.datacloud/Google Cloud Data Agent Kit.log [148ms]
2026-07-24 22:03:27.053 [info] > git show --textconv 01a2ff2ecc2c891daa78b1af1274c4a26deffb90:.codeoss/data/logs/20260724T211354/exthost2/googlecloudtools.datacloud/Google Cloud Data Agent Kit.log [143ms]
2026-07-24 22:03:27.053 [info] > git show --textconv 3e6766d463111b0abf097373607e691624766d68:.codeoss/data/User/workspaceStorage/12d43996/vscode.lock [137ms]
2026-07-24 22:03:27.053 [info] > git show --textconv 01a2ff2ecc2c891daa78b1af1274c4a26deffb90:.codeoss/data/User/workspaceStorage/12d43996/vscode.lock [131ms]
2026-07-24 22:03:27.053 [info] > git show --textconv 3e6766d463111b0abf097373607e691624766d68:.codeoss/cde_restorepath [123ms]
2026-07-24 22:03:27.053 [info] > git show --textconv 01a2ff2ecc2c891daa78b1af1274c4a26deffb90:.codeoss/cde_restorepath [112ms]
2026-07-24 22:03:27.053 [info] > git show --textconv 3e6766d463111b0abf097373607e691624766d68:.cache/cloud-code/api-metadata/libraries.csv [99ms]
2026-07-24 22:03:27.053 [info] > git show --textconv 01a2ff2ecc2c891daa78b1af1274c4a26deffb90:.cache/cloud-code/api-metadata/libraries.csv [87ms]
2026-07-24 22:03:27.053 [info] > git show --textconv 3e6766d463111b0abf097373607e691624766d68:.bash_history [75ms]
2026-07-24 22:03:27.053 [info] > git show --textconv 01a2ff2ecc2c891daa78b1af1274c4a26deffb90:.bash_history [62ms]
2026-07-24 22:03:27.053 [info] > git show --textconv :README.md [42ms]
2026-07-24 22:03:27.053 [info] > git show --textconv HEAD:.codeoss/data/logs/20260724T211354/exthost5/output_logging_20260724T220157/13-Gemini Code Assist Agent.log [30ms]
2026-07-24 22:03:27.067 [info] > git ls-tree -l HEAD -- .codeoss/data/logs/20260724T211354/exthost5/output_logging_20260724T220157/13-Gemini Code Assist Agent.log [30ms]
2026-07-24 22:03:27.279 [info] > git config --get commit.template [14ms]
2026-07-24 22:03:27.281 [info] > git for-each-ref --format=%(refname)%00%(upstream:short)%00%(objectname)%00%(upstream:track)%00%(upstream:remotename)%00%(upstream:remoteref) refs/heads/main refs/remotes/main [3ms]
2026-07-24 22:03:27.306 [info] > git for-each-ref --sort -committerdate --format %(refname)%00%(objectname)%00%(*objectname) [2ms]
2026-07-24 22:03:27.308 [info] > git status -z -uall [15ms]
2026-07-24 22:03:27.490 [info] > git blame --root --incremental bc83bf92f34e07010832c18a0a63a6855b423b6f -- .codeoss/data/logs/20260724T211354/exthost5/output_logging_20260724T220157/13-Gemini Code Assist Agent.log [7ms]
2026-07-24 22:03:27.513 [info] > git check-ignore -v -z --stdin [3ms]
2026-07-24 22:03:27.763 [info] > git check-ignore -v -z --stdin [2ms]
2026-07-24 22:03:27.853 [info] > git show --textconv :.codeoss/data/logs/20260724T211354/exthost5/output_logging_20260724T220157/13-Gemini Code Assist Agent.log [14ms]
2026-07-24 22:03:27.854 [info] > git ls-files --stage -- .codeoss/data/logs/20260724T211354/exthost5/output_logging_20260724T220157/13-Gemini Code Assist Agent.log [2ms]
2026-07-24 22:03:27.869 [info] > git cat-file -s 2ea31d636ceb67de87258ea3bb8c3978a05f99f4 [2ms]
2026-07-24 22:03:29.937 [info] > git show --textconv HEAD:.codeoss/data/logs/20260724T211354/exthost5/vscode.git/Git.log [15ms]
2026-07-24 22:03:29.938 [info] > git ls-tree -l HEAD -- .codeoss/data/logs/20260724T211354/exthost5/vscode.git/Git.log [4ms]
2026-07-24 22:03:30.234 [info] > git blame --root --incremental bc83bf92f34e07010832c18a0a63a6855b423b6f -- .codeoss/data/logs/20260724T211354/exthost5/vscode.git/Git.log [7ms]
2026-07-24 22:03:30.450 [info] > git check-ignore -v -z --stdin [2ms]
2026-07-24 22:03:30.605 [info] > git check-ignore -v -z --stdin [5ms]
2026-07-24 22:03:30.692 [info] > git show --textconv :.codeoss/data/logs/20260724T211354/exthost5/vscode.git/Git.log [13ms]
2026-07-24 22:03:30.693 [info] > git ls-files --stage -- .codeoss/data/logs/20260724T211354/exthost5/vscode.git/Git.log [3ms]
2026-07-24 22:03:30.707 [info] > git cat-file -s 9c5c9140984e536a083b7f7ab8b73d83c1ea7b88 [2ms]
2026-07-24 22:03:30.871 [info] > git show --textconv HEAD:.gemini/extensions/vertex [15ms]
2026-07-24 22:03:30.887 [info] > git ls-tree -l HEAD -- .gemini/extensions/vertex [18ms]
2026-07-24 22:03:30.888 [info] > git hash-object -t tree /dev/null [5ms]
2026-07-24 22:03:30.889 [warning] [GitFileSystemProvider][readFile] File not found - git:/home/cleanskiier27/.gemini/extensions/vertex?%7B%22path%22%3A%22%2Fhome%2Fcleanskiier27%2F.gemini%2Fextensions%2Fvertex%22%2C%22ref%22%3A%22~%22%7D
2026-07-24 22:03:31.384 [info] > git check-ignore -v -z --stdin [2ms]
2026-07-24 22:03:31.814 [info] > git show --textconv HEAD:.gemini/history/code-oss-for-cloud-shell [15ms]
2026-07-24 22:03:31.814 [warning] [GitFileSystemProvider][readFile] File not found - git:/home/cleanskiier27/.gemini/history/code-oss-for-cloud-shell?%7B%22path%22%3A%22%2Fhome%2Fcleanskiier27%2F.gemini%2Fhistory%2Fcode-oss-for-cloud-shell%22%2C%22ref%22%3A%22~%22%7D
2026-07-24 22:03:31.815 [info] > git ls-tree -l HEAD -- .gemini/history/code-oss-for-cloud-shell [3ms]
2026-07-24 22:03:32.298 [info] > git check-ignore -v -z --stdin [2ms]
2026-07-24 22:03:32.335 [info] > git config --get commit.template [2ms]
2026-07-24 22:03:32.350 [info] > git for-each-ref --format=%(refname)%00%(upstream:short)%00%(objectname)%00%(upstream:track)%00%(upstream:remotename)%00%(upstream:remoteref) refs/heads/main refs/remotes/main [2ms]
2026-07-24 22:03:32.377 [info] > git for-each-ref --sort -committerdate --format %(refname)%00%(objectname)%00%(*objectname) [2ms]
2026-07-24 22:03:32.379 [info] > git status -z -uall [17ms]
2026-07-24 22:03:33.089 [info] > git check-ignore -v -z --stdin [2ms]
2026-07-24 22:03:35.389 [info] > git show --textconv HEAD:.gemini/history/code-oss-for-cloud-shell [13ms]
2026-07-24 22:03:35.390 [warning] [GitFileSystemProvider][readFile] File not found - git:/home/cleanskiier27/.gemini/history/code-oss-for-cloud-shell?%7B%22path%22%3A%22%2Fhome%2Fcleanskiier27%2F.gemini%2Fhistory%2Fcode-oss-for-cloud-shell%22%2C%22ref%22%3A%22~%22%7D
2026-07-24 22:03:35.391 [info] > git ls-tree -l HEAD -- .gemini/history/code-oss-for-cloud-shell [2ms]
2026-07-24 22:03:38.280 [info] > git show --textconv HEAD:.gemini/history/code-oss-for-cloud-shell [22ms]
2026-07-24 22:03:38.281 [warning] [GitFileSystemProvider][readFile] File not found - git:/home/cleanskiier27/.gemini/history/code-oss-for-cloud-shell?%7B%22path%22%3A%22%2Fhome%2Fcleanskiier27%2F.gemini%2Fhistory%2Fcode-oss-for-cloud-shell%22%2C%22ref%22%3A%22~%22%7D
2026-07-24 22:03:38.284 [info] > git config --get commit.template [3ms]
2026-07-24 22:03:38.284 [info] > git ls-tree -l HEAD -- .gemini/history/code-oss-for-cloud-shell [15ms]
2026-07-24 22:03:38.297 [info] > git for-each-ref --format=%(refname)%00%(upstream:short)%00%(objectname)%00%(upstream:track)%00%(upstream:remotename)%00%(upstream:remoteref) refs/heads/main refs/remotes/main [1ms]
2026-07-24 22:03:38.323 [info] > git for-each-ref --sort -committerdate --format %(refname)%00%(objectname)%00%(*objectname) [2ms]
2026-07-24 22:03:38.324 [info] > git status -z -uall [15ms]
2026-07-24 22:03:43.343 [info] > git config --get commit.template [9ms]
2026-07-24 22:03:43.344 [info] > git for-each-ref --format=%(refname)%00%(upstream:short)%00%(objectname)%00%(upstream:track)%00%(upstream:remotename)%00%(upstream:remoteref) refs/heads/main refs/remotes/main [2ms]
2026-07-24 22:03:43.368 [info] > git for-each-ref --sort -committerdate --format %(refname)%00%(objectname)%00%(*objectname) [2ms]
2026-07-24 22:03:43.369 [info] > git status -z -uall [14ms]
2026-07-24 22:03:48.389 [info] > git config --get commit.template [2ms]
2026-07-24 22:03:48.403 [info] > git for-each-ref --format=%(refname)%00%(upstream:short)%00%(objectname)%00%(upstream:track)%00%(upstream:remotename)%00%(upstream:remoteref) refs/heads/main refs/remotes/main [2ms]
2026-07-24 22:03:48.433 [info] > git status -z -uall [16ms]
2026-07-24 22:03:48.434 [info] > git for-each-ref --sort -committerdate --format %(refname)%00%(objectname)%00%(*objectname) [3ms]
2026-07-24 22:03:53.452 [info] > git config --get commit.template [5ms]
2026-07-24 22:03:53.466 [info] > git for-each-ref --format=%(refname)%00%(upstream:short)%00%(objectname)%00%(upstream:track)%00%(upstream:remotename)%00%(upstream:remoteref) refs/heads/main refs/remotes/main [1ms]
2026-07-24 22:03:53.493 [info] > git status -z -uall [15ms]
2026-07-24 22:03:53.494 [info] > git for-each-ref --sort -committerdate --format %(refname)%00%(objectname)%00%(*objectname) [3ms]
2026-07-24 22:03:58.707 [info] > git ls-tree -l 01a2ff2ecc2c891daa78b1af1274c4a26deffb90 -- .bash_history [29ms]
2026-07-24 22:03:58.708 [info] > git config --get commit.template [3ms]
2026-07-24 22:03:58.710 [info] > git ls-tree -l 3e6766d463111b0abf097373607e691624766d68 -- .bash_history [20ms]
2026-07-24 22:03:58.724 [info] > git for-each-ref --format=%(refname)%00%(upstream:short)%00%(objectname)%00%(upstream:track)%00%(upstream:remotename)%00%(upstream:remoteref) refs/heads/main refs/remotes/main [3ms]
2026-07-24 22:03:58.750 [info] > git for-each-ref --sort -committerdate --format %(refname)%00%(objectname)%00%(*objectname) [2ms]
2026-07-24 22:03:58.753 [info] > git status -z -uall [16ms]
2026-07-24 22:04:07.848 [info] > git ls-tree -l 3e6766d463111b0abf097373607e691624766d68 -- .bash_history [13ms]
2026-07-24 22:04:07.848 [info] > git ls-tree -l 01a2ff2ecc2c891daa78b1af1274c4a26deffb90 -- .bash_history [39ms]
2026-07-24 22:04:07.922 [info] > git for-each-ref --format=%(refname)%00%(upstream:short)%00%(objectname)%00%(upstream:track)%00%(upstream:remotename)%00%(upstream:remoteref) refs/heads/main refs/remotes/main [10ms]
2026-07-24 22:04:07.922 [info] > git config --get commit.template [42ms]
2026-07-24 22:04:08.011 [info] > git for-each-ref --sort -committerdate --format %(refname)%00%(objectname)%00%(*objectname) [13ms]
2026-07-24 22:04:08.050 [info] > git status -z -uall [79ms]
